Timestamp,Username,Trust_Score,Verdict,Action_Enforced
2026-06-26 16:48:06,mona_secure_01,50.0,ISOLATE,HARD_LOCKDOWN
2026-06-26 16:48:09,mona_secure_01,50.0,ISOLATE,HARD_LOCKDOWN
2026-06-26 16:48:12,mona_secure_01,50.0,ISOLATE,HARD_LOCKDOWN
2026-06-26 16:48:15,mona_secure_01,50.0,ISOLATE,HARD_LOCKDOWN
2026-06-26 16:48:18,mona_secure_01,50.0,ISOLATE,HARD_LOCKDOWN
2026-06-26 16:48:21,mona_secure_01,50.0,ISOLATE,HARD_LOCKDOWN
2026-06-26 16:48:24,mona_secure_01,50.0,ISOLATE,HARD_LOCKDOWN
2026-06-26 16:48:27,mona_secure_01,50.0,ISOLATE,HARD_LOCKDOWN
2026-06-26 16:48:30,mona_secure_01,50.0,ISOLATE,HARD_LOCKDOWN
2026-06-26 16:48:39,mona_secure_01,50.0,ISOLATE,HARD_LOCKDOWN
2026-06-26 16:48:42,mona_secure_01,50.0,ISOLATE,HARD_LOCKDOWN
2026-06-26 16:48:45,mona_secure_01,50.0,ISOLATE,HARD_LOCKDOWN
2026-06-26 16:48:51,mona_secure_01,50.0,ISOLATE,HARD_LOCKDOWN
2026-06-26 16:49:00,mona_secure_01,50.0,ISOLATE,HARD_LOCKDOWN
2026-06-26 16:49:03,mona_secure_01,50.0,ISOLATE,HARD_LOCKDOWN
2026-06-26 16:49:06,mona_secure_01,50.0,ISOLATE,HARD_LOCKDOWN
2026-06-26 16:49:15,mona_secure_01,50.0,ISOLATE,HARD_LOCKDOWN
2026-06-26 16:49:18,mona_secure_01,50.0,ISOLATE,HARD_LOCKDOWN
2026-06-26 16:49:21,mona_secure_01,50.0,ISOLATE,HARD_LOCKDOWN
2026-06-26 16:49:24,mona_secure_01,50.0,ISOLATE,HARD_LOCKDOWN
2026-06-26 16:49:30,mona_secure_01,50.0,ISOLATE,HARD_LOCKDOWN
2026-06-26 16:49:33,mona_secure_01,50.0,ISOLATE,HARD_LOCKDOWN
2026-06-26 16:49:36,mona_secure_01,50.0,ISOLATE,HARD_LOCKDOWN
2026-06-26 16:49:39,mona_secure_01,96.2,AUTHORIZED,ALLOW_SESSION
2026-06-26 16:49:42,mona_secure_01,50.0,ISOLATE,HARD_LOCKDOWN
2026-06-26 16:49:45,mona_secure_01,50.0,ISOLATE,HARD_LOCKDOWN
2026-06-26 16:49:48,mona_secure_01,50.0,ISOLATE,HARD_LOCKDOWN
2026-06-26 16:49:51,mona_secure_01,50.0,ISOLATE,HARD_LOCKDOWN
2026-06-26 16:49:55,mona_secure_01,15.1,ISOLATE,HARD_LOCKDOWN
2026-06-26 16:49:58,mona_secure_01,50.0,ISOLATE,HARD_LOCKDOWN
2026-06-26 16:50:01,mona_secure_01,52.0,ISOLATE,HARD_LOCKDOWN
2026-06-26 16:50:04,mona_secure_01,98.2,AUTHORIZED,ALLOW_SESSION
2026-06-26 16:50:07,mona_secure_01,98.2,AUTHORIZED,ALLOW_SESSION
2026-06-26 16:50:11,mona_secure_01,98.2,AUTHORIZED,ALLOW_SESSION
2026-06-26 16:50:14,mona_secure_01,98.2,AUTHORIZED,ALLOW_SESSION
2026-06-26 16:50:17,mona_secure_01,98.2,AUTHORIZED,ALLOW_SESSION
2026-06-26 16:50:20,mona_secure_01,52.0,ISOLATE,HARD_LOCKDOWN
2026-06-26 16:50:23,mona_secure_01,50.0,ISOLATE,HARD_LOCKDOWN
2026-06-26 16:50:26,mona_secure_01,50.0,ISOLATE,HARD_LOCKDOWN
2026-06-26 16:50:29,mona_secure_01,50.0,ISOLATE,HARD_LOCKDOWN
2026-06-26 16:50:32,mona_secure_01,50.0,ISOLATE,HARD_LOCKDOWN
2026-06-26 16:50:35,mona_secure_01,50.0,ISOLATE,HARD_LOCKDOWN
2026-06-26 16:50:38,mona_secure_01,49.1,ISOLATE,HARD_LOCKDOWN
2026-06-26 16:50:41,mona_secure_01,50.0,ISOLATE,HARD_LOCKDOWN
2026-06-26 16:50:44,mona_secure_01,96.2,AUTHORIZED,ALLOW_SESSION
2026-06-26 16:50:47,mona_secure_01,50.0,ISOLATE,HARD_LOCKDOWN
2026-06-26 16:50:51,mona_secure_01,51.8,ISOLATE,HARD_LOCKDOWN
2026-06-26 16:50:54,mona_secure_01,50.0,ISOLATE,HARD_LOCKDOWN
2026-06-26 16:50:57,mona_secure_01,50.0,ISOLATE,HARD_LOCKDOWN
2026-06-26 16:51:00,mona_secure_01,50.0,ISOLATE,HARD_LOCKDOWN
2026-06-26 16:51:03,mona_secure_01,50.0,ISOLATE,HARD_LOCKDOWN
2026-06-26 16:51:06,mona_secure_01,50.0,ISOLATE,HARD_LOCKDOWN
2026-06-26 16:51:09,mona_secure_01,50.9,ISOLATE,HARD_LOCKDOWN
2026-06-26 16:51:12,mona_secure_01,50.0,ISOLATE,HARD_LOCKDOWN
2026-06-26 16:51:15,mona_secure_01,50.0,ISOLATE,HARD_LOCKDOWN
2026-06-26 16:51:18,mona_secure_01,98.1,AUTHORIZED,ALLOW_SESSION
2026-06-26 16:51:21,mona_secure_01,50.0,ISOLATE,HARD_LOCKDOWN
2026-06-26 16:51:24,mona_secure_01,98.2,AUTHORIZED,ALLOW_SESSION
2026-06-26 16:51:27,mona_secure_01,98.2,AUTHORIZED,ALLOW_SESSION
2026-06-26 16:51:30,mona_secure_01,98.2,AUTHORIZED,ALLOW_SESSION
2026-06-26 16:51:33,mona_secure_01,98.1,AUTHORIZED,ALLOW_SESSION
2026-06-26 16:51:36,mona_secure_01,50.0,ISOLATE,HARD_LOCKDOWN
2026-06-26 16:51:39,mona_secure_01,50.0,ISOLATE,HARD_LOCKDOWN
2026-06-26 16:51:42,mona_secure_01,50.0,ISOLATE,HARD_LOCKDOWN
2026-06-26 16:51:45,mona_secure_01,50.0,ISOLATE,HARD_LOCKDOWN
2026-06-26 16:51:51,mona_secure_01,50.0,ISOLATE,HARD_LOCKDOWN
2026-06-26 16:51:54,mona_secure_01,50.0,ISOLATE,HARD_LOCKDOWN
2026-06-26 16:52:27,mona_secure_01,50.0,ISOLATE,HARD_LOCKDOWN
2026-06-26 16:52:31,mona_secure_01,17.0,ISOLATE,HARD_LOCKDOWN
2026-06-26 16:52:34,mona_secure_01,50.0,ISOLATE,HARD_LOCKDOWN
2026-06-26 16:52:37,mona_secure_01,98.2,AUTHORIZED,ALLOW_SESSION
2026-06-26 16:52:40,mona_secure_01,50.0,ISOLATE,HARD_LOCKDOWN
2026-06-26 16:52:43,mona_secure_01,50.0,ISOLATE,HARD_LOCKDOWN
2026-06-26 16:52:46,mona_secure_01,50.0,ISOLATE,HARD_LOCKDOWN
2026-06-26 16:52:49,mona_secure_01,50.0,ISOLATE,HARD_LOCKDOWN
2026-06-26 16:52:52,mona_secure_01,50.0,ISOLATE,HARD_LOCKDOWN
2026-06-26 16:52:55,mona_secure_01,50.0,ISOLATE,HARD_LOCKDOWN
2026-06-26 16:52:58,mona_secure_01,50.0,ISOLATE,HARD_LOCKDOWN
2026-06-26 16:53:01,mona_secure_01,50.0,ISOLATE,HARD_LOCKDOWN
2026-06-26 16:53:04,mona_secure_01,50.0,ISOLATE,HARD_LOCKDOWN
2026-06-26 16:53:07,mona_secure_01,50.0,ISOLATE,HARD_LOCKDOWN
2026-06-26 16:53:10,mona_secure_01,50.0,ISOLATE,HARD_LOCKDOWN
2026-06-26 16:53:13,mona_secure_01,50.0,ISOLATE,HARD_LOCKDOWN
2026-06-26 16:53:16,mona_secure_01,50.0,ISOLATE,HARD_LOCKDOWN
2026-06-26 16:53:19,mona_secure_01,50.0,ISOLATE,HARD_LOCKDOWN
2026-06-26 16:53:22,mona_secure_01,97.6,AUTHORIZED,ALLOW_SESSION
2026-06-26 16:53:25,mona_secure_01,52.0,ISOLATE,HARD_LOCKDOWN
2026-06-26 16:53:28,mona_secure_01,51.9,ISOLATE,HARD_LOCKDOWN
2026-06-26 16:53:31,mona_secure_01,50.0,ISOLATE,HARD_LOCKDOWN
2026-06-26 16:53:34,mona_secure_01,50.0,ISOLATE,HARD_LOCKDOWN
2026-06-26 16:53:41,mona_secure_01,51.8,ISOLATE,HARD_LOCKDOWN
2026-06-26 16:53:44,mona_secure_01,51.9,ISOLATE,HARD_LOCKDOWN
2026-06-26 16:53:47,mona_secure_01,50.0,ISOLATE,HARD_LOCKDOWN
2026-06-26 16:53:50,mona_secure_01,50.0,ISOLATE,HARD_LOCKDOWN
2026-06-26 16:53:53,mona_secure_01,51.9,ISOLATE,HARD_LOCKDOWN
2026-06-26 16:53:56,mona_secure_01,98.2,AUTHORIZED,ALLOW_SESSION
2026-06-26 16:53:59,mona_secure_01,98.2,AUTHORIZED,ALLOW_SESSION
2026-06-26 16:54:02,mona_secure_01,98.2,AUTHORIZED,ALLOW_SESSION
2026-06-26 16:54:06,mona_secure_01,98.2,AUTHORIZED,ALLOW_SESSION
2026-06-26 16:54:09,mona_secure_01,98.2,AUTHORIZED,ALLOW_SESSION
2026-06-26 16:54:12,mona_secure_01,98.2,AUTHORIZED,ALLOW_SESSION
2026-06-26 16:54:15,mona_secure_01,98.2,AUTHORIZED,ALLOW_SESSION
2026-06-26 16:54:18,mona_secure_01,52.0,ISOLATE,HARD_LOCKDOWN
2026-06-26 16:54:21,mona_secure_01,51.9,ISOLATE,HARD_LOCKDOWN
2026-06-26 16:54:25,mona_secure_01,98.2,AUTHORIZED,ALLOW_SESSION
2026-06-26 16:54:28,mona_secure_01,50.0,ISOLATE,HARD_LOCKDOWN
2026-06-26 16:54:31,mona_secure_01,50.0,ISOLATE,HARD_LOCKDOWN
2026-06-26 16:54:34,mona_secure_01,50.0,ISOLATE,HARD_LOCKDOWN
2026-06-26 16:54:37,mona_secure_01,52.0,ISOLATE,HARD_LOCKDOWN
2026-06-26 16:54:40,mona_secure_01,50.0,ISOLATE,HARD_LOCKDOWN
2026-06-26 16:55:16,mona_secure_01,50.0,ISOLATE,HARD_LOCKDOWN
2026-06-26 16:55:25,mona_secure_01,50.0,ISOLATE,HARD_LOCKDOWN
2026-06-26 16:55:28,mona_secure_01,50.0,ISOLATE,HARD_LOCKDOWN
2026-06-26 16:55:31,mona_secure_01,97.8,AUTHORIZED,ALLOW_SESSION
2026-06-26 16:55:34,mona_secure_01,98.2,AUTHORIZED,ALLOW_SESSION
2026-06-26 16:55:37,mona_secure_01,98.2,AUTHORIZED,ALLOW_SESSION
2026-06-26 16:55:40,mona_secure_01,98.2,AUTHORIZED,ALLOW_SESSION
2026-06-26 16:55:43,mona_secure_01,98.2,AUTHORIZED,ALLOW_SESSION
2026-06-26 16:55:47,mona_secure_01,98.2,AUTHORIZED,ALLOW_SESSION
2026-06-26 16:55:50,mona_secure_01,98.2,AUTHORIZED,ALLOW_SESSION
2026-06-26 16:55:53,mona_secure_01,98.2,AUTHORIZED,ALLOW_SESSION
2026-06-26 16:55:56,mona_secure_01,98.2,AUTHORIZED,ALLOW_SESSION
2026-06-26 16:55:59,mona_secure_01,50.0,ISOLATE,HARD_LOCKDOWN
2026-06-26 16:56:11,mona_secure_01,50.0,ISOLATE,HARD_LOCKDOWN
2026-06-26 16:56:23,mona_secure_01,97.3,AUTHORIZED,ALLOW_SESSION
2026-06-26 16:56:26,mona_secure_01,98.2,AUTHORIZED,ALLOW_SESSION
2026-06-26 16:56:29,mona_secure_01,98.2,AUTHORIZED,ALLOW_SESSION
2026-06-26 16:56:33,mona_secure_01,98.2,AUTHORIZED,ALLOW_SESSION
2026-06-26 16:56:36,mona_secure_01,98.2,AUTHORIZED,ALLOW_SESSION
2026-06-26 16:56:39,mona_secure_01,98.2,AUTHORIZED,ALLOW_SESSION
2026-06-26 16:56:42,mona_secure_01,98.2,AUTHORIZED,ALLOW_SESSION
2026-06-26 16:57:33,mona_secure_01,96.2,AUTHORIZED,ALLOW_SESSION
2026-06-26 16:58:18,mona_secure_01,50.0,ISOLATE,HARD_LOCKDOWN
2026-06-26 16:58:21,mona_secure_01,61.9,ISOLATE,HARD_LOCKDOWN
2026-06-26 16:58:24,mona_secure_01,50.0,ISOLATE,HARD_LOCKDOWN
2026-06-26 16:58:27,mona_secure_01,50.0,ISOLATE,HARD_LOCKDOWN
2026-06-26 16:58:30,mona_secure_01,98.2,AUTHORIZED,ALLOW_SESSION
2026-06-26 16:58:33,mona_secure_01,98.2,AUTHORIZED,ALLOW_SESSION
2026-06-26 16:58:37,mona_secure_01,98.2,AUTHORIZED,ALLOW_SESSION
2026-06-26 16:58:40,mona_secure_01,98.2,AUTHORIZED,ALLOW_SESSION
2026-06-26 16:58:43,mona_secure_01,98.2,AUTHORIZED,ALLOW_SESSION
2026-06-26 16:58:46,mona_secure_01,98.2,AUTHORIZED,ALLOW_SESSION
2026-06-26 16:58:49,mona_secure_01,98.2,AUTHORIZED,ALLOW_SESSION
2026-06-26 16:58:52,mona_secure_01,98.2,AUTHORIZED,ALLOW_SESSION
2026-06-26 16:58:55,mona_secure_01,98.2,AUTHORIZED,ALLOW_SESSION
2026-06-26 16:58:59,mona_secure_01,98.2,AUTHORIZED,ALLOW_SESSION
2026-06-26 16:59:02,mona_secure_01,98.2,AUTHORIZED,ALLOW_SESSION
2026-06-26 16:59:05,mona_secure_01,98.2,AUTHORIZED,ALLOW_SESSION
2026-06-26 16:59:08,mona_secure_01,98.2,AUTHORIZED,ALLOW_SESSION
2026-06-26 16:59:11,mona_secure_01,51.9,ISOLATE,HARD_LOCKDOWN
2026-06-26 16:59:14,mona_secure_01,98.2,AUTHORIZED,ALLOW_SESSION
2026-06-26 16:59:17,mona_secure_01,52.0,ISOLATE,HARD_LOCKDOWN
2026-06-26 16:59:21,mona_secure_01,98.2,AUTHORIZED,ALLOW_SESSION
2026-06-26 16:59:24,mona_secure_01,50.0,ISOLATE,HARD_LOCKDOWN
2026-06-26 16:59:27,mona_secure_01,50.0,ISOLATE,HARD_LOCKDOWN
2026-06-26 16:59:30,mona_secure_01,50.0,ISOLATE,HARD_LOCKDOWN
2026-06-26 16:59:36,mona_secure_01,50.0,ISOLATE,HARD_LOCKDOWN
2026-06-26 16:59:39,mona_secure_01,50.0,ISOLATE,HARD_LOCKDOWN
2026-06-26 16:59:45,mona_secure_01,50.0,ISOLATE,HARD_LOCKDOWN
2026-06-26 16:59:48,mona_secure_01,50.0,ISOLATE,HARD_LOCKDOWN
2026-06-26 16:59:51,mona_secure_01,96.2,AUTHORIZED,ALLOW_SESSION
2026-06-26 16:59:54,mona_secure_01,50.0,ISOLATE,HARD_LOCKDOWN
2026-06-26 16:59:57,mona_secure_01,96.2,AUTHORIZED,ALLOW_SESSION
2026-06-26 17:00:15,mona_secure_01,96.2,AUTHORIZED,ALLOW_SESSION
2026-06-26 17:00:27,mona_secure_01,50.0,ISOLATE,HARD_LOCKDOWN
2026-06-26 17:00:33,mona_secure_01,50.0,ISOLATE,HARD_LOCKDOWN
2026-06-26 17:00:36,mona_secure_01,97.5,AUTHORIZED,ALLOW_SESSION
2026-06-26 17:00:39,mona_secure_01,98.2,AUTHORIZED,ALLOW_SESSION
2026-06-26 17:00:42,mona_secure_01,98.2,AUTHORIZED,ALLOW_SESSION
2026-06-26 17:00:45,mona_secure_01,98.2,AUTHORIZED,ALLOW_SESSION
2026-06-26 17:00:49,mona_secure_01,98.2,AUTHORIZED,ALLOW_SESSION
2026-06-26 17:00:52,mona_secure_01,98.2,AUTHORIZED,ALLOW_SESSION
2026-06-26 17:00:55,mona_secure_01,51.9,ISOLATE,HARD_LOCKDOWN
2026-06-26 17:02:13,mona_secure_01,94.7,AUTHORIZED,ALLOW_SESSION
2026-06-26 17:02:16,mona_secure_01,98.2,AUTHORIZED,ALLOW_SESSION
2026-06-26 17:02:19,mona_secure_01,98.2,AUTHORIZED,ALLOW_SESSION
2026-06-26 17:02:23,mona_secure_01,98.2,AUTHORIZED,ALLOW_SESSION
2026-06-26 17:03:14,mona_secure_01,50.0,ISOLATE,HARD_LOCKDOWN
2026-06-26 17:03:17,mona_secure_01,50.0,ISOLATE,HARD_LOCKDOWN
2026-06-26 17:03:20,mona_secure_01,50.0,ISOLATE,HARD_LOCKDOWN
2026-06-26 17:03:23,mona_secure_01,50.0,ISOLATE,HARD_LOCKDOWN
2026-06-26 17:03:26,mona_secure_01,98.2,AUTHORIZED,ALLOW_SESSION
2026-06-26 17:03:29,mona_secure_01,50.0,ISOLATE,HARD_LOCKDOWN
2026-07-02 14:30:27,mona_secure_01,83.8,WARNING,SHADOW_AUDIT
2026-07-02 14:30:30,mona_secure_01,83.8,WARNING,SHADOW_AUDIT
2026-07-02 14:30:33,mona_secure_01,87.7,WARNING,SHADOW_AUDIT
2026-07-02 14:30:36,mona_secure_01,83.8,WARNING,SHADOW_AUDIT
2026-07-02 14:30:40,mona_secure_01,88.0,WARNING,SHADOW_AUDIT
2026-07-02 14:30:43,mona_secure_01,87.9,WARNING,SHADOW_AUDIT
2026-07-02 14:30:46,mona_secure_01,83.8,WARNING,SHADOW_AUDIT
2026-07-02 14:30:49,mona_secure_01,83.8,WARNING,SHADOW_AUDIT
2026-07-02 14:30:52,mona_secure_01,83.8,WARNING,SHADOW_AUDIT
2026-07-02 14:30:55,mona_secure_01,88.0,WARNING,SHADOW_AUDIT
2026-07-02 14:30:59,mona_secure_01,88.0,WARNING,SHADOW_AUDIT
2026-07-02 14:31:02,mona_secure_01,83.8,WARNING,SHADOW_AUDIT
2026-07-02 14:31:05,mona_secure_01,83.8,WARNING,SHADOW_AUDIT
2026-07-02 14:31:08,mona_secure_01,83.8,WARNING,SHADOW_AUDIT
2026-07-02 14:31:11,mona_secure_01,83.8,WARNING,SHADOW_AUDIT
2026-07-02 14:31:14,mona_secure_01,83.8,WARNING,SHADOW_AUDIT
2026-07-02 14:31:17,mona_secure_01,87.6,WARNING,SHADOW_AUDIT
2026-07-02 14:31:20,mona_secure_01,99.5,AUTHORIZED,ALLOW_SESSION
2026-07-02 14:31:23,mona_secure_01,88.0,WARNING,SHADOW_AUDIT
2026-07-02 14:31:26,mona_secure_01,83.8,WARNING,SHADOW_AUDIT
2026-07-02 14:31:29,mona_secure_01,83.8,WARNING,SHADOW_AUDIT
2026-07-02 14:31:32,mona_secure_01,83.8,WARNING,SHADOW_AUDIT
2026-07-02 14:31:35,mona_secure_01,83.8,WARNING,SHADOW_AUDIT
2026-07-02 14:31:41,mona_secure_01,83.8,WARNING,SHADOW_AUDIT
2026-07-02 14:31:44,mona_secure_01,95.3,AUTHORIZED,ALLOW_SESSION
2026-07-02 14:31:50,mona_secure_01,83.8,WARNING,SHADOW_AUDIT
2026-07-02 14:31:53,mona_secure_01,83.8,WARNING,SHADOW_AUDIT
2026-07-02 14:31:56,mona_secure_01,83.8,WARNING,SHADOW_AUDIT
2026-07-02 14:31:59,mona_secure_01,83.8,WARNING,SHADOW_AUDIT
2026-07-02 14:32:02,mona_secure_01,83.8,WARNING,SHADOW_AUDIT
2026-07-02 14:32:05,mona_secure_01,83.8,WARNING,SHADOW_AUDIT
2026-07-02 14:32:08,mona_secure_01,99.5,AUTHORIZED,ALLOW_SESSION
2026-07-02 14:32:11,mona_secure_01,88.0,WARNING,SHADOW_AUDIT
2026-07-02 14:32:17,mona_secure_01,83.8,WARNING,SHADOW_AUDIT
2026-07-02 14:32:20,mona_secure_01,95.3,AUTHORIZED,ALLOW_SESSION
2026-07-02 14:32:23,mona_secure_01,83.8,WARNING,SHADOW_AUDIT
2026-07-02 14:32:26,mona_secure_01,85.8,WARNING,SHADOW_AUDIT
2026-07-02 14:32:29,mona_secure_01,83.8,WARNING,SHADOW_AUDIT
2026-07-02 14:32:33,mona_secure_01,99.4,AUTHORIZED,ALLOW_SESSION
2026-07-02 14:32:36,mona_secure_01,99.5,AUTHORIZED,ALLOW_SESSION
2026-07-02 14:32:39,mona_secure_01,83.8,WARNING,SHADOW_AUDIT
2026-07-02 14:32:42,mona_secure_01,83.8,WARNING,SHADOW_AUDIT
2026-07-02 14:32:45,mona_secure_01,83.8,WARNING,SHADOW_AUDIT
2026-07-02 14:32:48,mona_secure_01,83.8,WARNING,SHADOW_AUDIT
2026-07-02 14:32:51,mona_secure_01,83.8,WARNING,SHADOW_AUDIT
2026-07-02 14:32:54,mona_secure_01,99.4,AUTHORIZED,ALLOW_SESSION
2026-07-02 14:32:57,mona_secure_01,99.5,AUTHORIZED,ALLOW_SESSION
2026-07-02 14:33:00,mona_secure_01,88.0,WARNING,SHADOW_AUDIT
2026-07-02 14:33:03,mona_secure_01,99.5,AUTHORIZED,ALLOW_SESSION
2026-07-02 14:33:06,mona_secure_01,99.5,AUTHORIZED,ALLOW_SESSION
2026-07-02 14:33:09,mona_secure_01,99.5,AUTHORIZED,ALLOW_SESSION
2026-07-02 14:33:13,mona_secure_01,99.5,AUTHORIZED,ALLOW_SESSION
2026-07-02 14:33:19,mona_secure_01,88.0,WARNING,SHADOW_AUDIT
2026-07-02 14:33:22,mona_secure_01,83.8,WARNING,SHADOW_AUDIT
2026-07-02 14:33:28,mona_secure_01,87.7,WARNING,SHADOW_AUDIT
2026-07-02 14:33:31,mona_secure_01,83.8,WARNING,SHADOW_AUDIT
2026-07-02 14:33:34,mona_secure_01,83.8,WARNING,SHADOW_AUDIT
2026-07-02 14:33:37,mona_secure_01,83.8,WARNING,SHADOW_AUDIT
2026-07-02 14:33:40,mona_secure_01,83.8,WARNING,SHADOW_AUDIT
2026-07-02 14:33:43,mona_secure_01,95.3,AUTHORIZED,ALLOW_SESSION
2026-07-02 14:33:46,mona_secure_01,53.4,ISOLATE,HARD_LOCKDOWN
2026-07-02 14:33:49,mona_secure_01,83.8,WARNING,SHADOW_AUDIT
2026-07-02 14:33:52,mona_secure_01,83.8,WARNING,SHADOW_AUDIT
2026-07-02 14:33:55,mona_secure_01,83.8,WARNING,SHADOW_AUDIT
2026-07-02 14:33:58,mona_secure_01,83.8,WARNING,SHADOW_AUDIT
2026-07-02 14:34:01,mona_secure_01,83.8,WARNING,SHADOW_AUDIT
2026-07-02 14:34:04,mona_secure_01,83.8,WARNING,SHADOW_AUDIT
2026-07-02 14:34:07,mona_secure_01,83.8,WARNING,SHADOW_AUDIT
2026-07-02 14:34:10,mona_secure_01,57.4,ISOLATE,HARD_LOCKDOWN
2026-07-02 14:34:13,mona_secure_01,83.8,WARNING,SHADOW_AUDIT
2026-07-02 14:34:16,mona_secure_01,83.8,WARNING,SHADOW_AUDIT
2026-07-02 14:34:19,mona_secure_01,83.8,WARNING,SHADOW_AUDIT
2026-07-02 14:34:22,mona_secure_01,87.8,WARNING,SHADOW_AUDIT
2026-07-02 14:34:25,mona_secure_01,85.5,WARNING,SHADOW_AUDIT
2026-07-02 14:34:29,mona_secure_01,99.5,AUTHORIZED,ALLOW_SESSION
2026-07-02 14:34:32,mona_secure_01,95.3,AUTHORIZED,ALLOW_SESSION
2026-07-02 14:34:35,mona_secure_01,83.8,WARNING,SHADOW_AUDIT
2026-07-02 14:34:38,mona_secure_01,83.8,WARNING,SHADOW_AUDIT
2026-07-02 14:34:41,mona_secure_01,83.8,WARNING,SHADOW_AUDIT
2026-07-02 14:34:44,mona_secure_01,87.9,WARNING,SHADOW_AUDIT
2026-07-02 14:34:47,mona_secure_01,99.5,AUTHORIZED,ALLOW_SESSION
2026-07-02 14:34:50,mona_secure_01,99.5,AUTHORIZED,ALLOW_SESSION
2026-07-02 14:34:53,mona_secure_01,99.5,AUTHORIZED,ALLOW_SESSION
2026-07-02 14:34:56,mona_secure_01,99.5,AUTHORIZED,ALLOW_SESSION
2026-07-02 14:34:59,mona_secure_01,99.5,AUTHORIZED,ALLOW_SESSION
2026-07-02 14:35:03,mona_secure_01,88.0,WARNING,SHADOW_AUDIT
2026-07-02 14:35:06,mona_secure_01,83.8,WARNING,SHADOW_AUDIT
2026-07-02 14:35:12,mona_secure_01,83.8,WARNING,SHADOW_AUDIT
2026-07-02 14:35:15,mona_secure_01,83.8,WARNING,SHADOW_AUDIT
2026-07-02 14:35:18,mona_secure_01,83.8,WARNING,SHADOW_AUDIT
2026-07-02 14:35:21,mona_secure_01,83.8,WARNING,SHADOW_AUDIT
2026-07-02 14:35:24,mona_secure_01,83.8,WARNING,SHADOW_AUDIT
2026-07-02 14:35:33,mona_secure_01,83.8,WARNING,SHADOW_AUDIT
2026-07-02 14:35:36,mona_secure_01,83.8,WARNING,SHADOW_AUDIT
2026-07-02 14:35:39,mona_secure_01,83.8,WARNING,SHADOW_AUDIT
2026-07-02 14:35:42,mona_secure_01,83.8,WARNING,SHADOW_AUDIT
2026-07-02 14:35:45,mona_secure_01,83.8,WARNING,SHADOW_AUDIT
2026-07-02 14:35:48,mona_secure_01,83.8,WARNING,SHADOW_AUDIT
2026-07-02 14:35:51,mona_secure_01,83.8,WARNING,SHADOW_AUDIT
2026-07-02 14:35:54,mona_secure_01,83.8,WARNING,SHADOW_AUDIT
2026-07-02 14:35:57,mona_secure_01,83.8,WARNING,SHADOW_AUDIT
2026-07-02 14:36:00,mona_secure_01,83.8,WARNING,SHADOW_AUDIT
2026-07-02 14:36:06,mona_secure_01,83.8,WARNING,SHADOW_AUDIT
2026-07-02 14:36:12,mona_secure_01,83.8,WARNING,SHADOW_AUDIT
2026-07-02 14:36:15,mona_secure_01,83.8,WARNING,SHADOW_AUDIT
2026-07-02 14:36:18,mona_secure_01,83.8,WARNING,SHADOW_AUDIT
2026-07-02 14:36:24,mona_secure_01,83.8,WARNING,SHADOW_AUDIT
2026-07-02 14:36:27,mona_secure_01,83.8,WARNING,SHADOW_AUDIT
2026-07-02 14:36:30,mona_secure_01,83.8,WARNING,SHADOW_AUDIT
2026-07-02 14:36:33,mona_secure_01,84.0,WARNING,SHADOW_AUDIT
2026-07-02 14:36:36,mona_secure_01,99.5,AUTHORIZED,ALLOW_SESSION
2026-07-02 14:36:39,mona_secure_01,99.5,AUTHORIZED,ALLOW_SESSION
2026-07-02 14:36:42,mona_secure_01,87.9,WARNING,SHADOW_AUDIT
2026-07-02 14:36:46,mona_secure_01,95.3,AUTHORIZED,ALLOW_SESSION
2026-07-02 14:37:01,mona_secure_01,83.8,WARNING,SHADOW_AUDIT
2026-07-02 14:37:07,mona_secure_01,83.8,WARNING,SHADOW_AUDIT
2026-07-02 14:37:10,mona_secure_01,83.8,WARNING,SHADOW_AUDIT
2026-07-02 14:37:13,mona_secure_01,96.9,AUTHORIZED,ALLOW_SESSION
2026-07-02 14:37:16,mona_secure_01,87.9,WARNING,SHADOW_AUDIT
2026-07-02 14:37:19,mona_secure_01,83.8,WARNING,SHADOW_AUDIT
2026-07-02 14:37:40,mona_secure_01,83.8,WARNING,SHADOW_AUDIT
2026-07-02 14:37:43,mona_secure_01,99.2,AUTHORIZED,ALLOW_SESSION
2026-07-02 14:37:46,mona_secure_01,88.0,WARNING,SHADOW_AUDIT
2026-07-02 14:37:49,mona_secure_01,83.8,WARNING,SHADOW_AUDIT
2026-07-02 14:37:52,mona_secure_01,95.3,AUTHORIZED,ALLOW_SESSION
2026-07-02 14:38:10,mona_secure_01,83.8,WARNING,SHADOW_AUDIT
2026-07-02 14:38:13,mona_secure_01,99.1,AUTHORIZED,ALLOW_SESSION
2026-07-02 14:38:16,mona_secure_01,88.0,WARNING,SHADOW_AUDIT
2026-07-02 14:38:19,mona_secure_01,83.8,WARNING,SHADOW_AUDIT
2026-07-02 14:38:22,mona_secure_01,95.3,AUTHORIZED,ALLOW_SESSION
2026-07-02 14:38:32,mona_secure_01,83.2,WARNING,SHADOW_AUDIT
2026-07-02 14:38:35,mona_secure_01,99.5,AUTHORIZED,ALLOW_SESSION
2026-07-02 14:38:38,mona_secure_01,87.9,WARNING,SHADOW_AUDIT
2026-07-02 14:38:41,mona_secure_01,83.8,WARNING,SHADOW_AUDIT
2026-07-02 14:38:44,mona_secure_01,83.8,WARNING,SHADOW_AUDIT
2026-07-02 14:39:11,mona_secure_01,95.3,AUTHORIZED,ALLOW_SESSION
2026-07-02 14:39:14,mona_secure_01,95.3,AUTHORIZED,ALLOW_SESSION
2026-07-02 14:39:29,mona_secure_01,83.8,WARNING,SHADOW_AUDIT
2026-07-02 14:39:32,mona_secure_01,83.8,WARNING,SHADOW_AUDIT
2026-07-02 14:39:35,mona_secure_01,98.1,AUTHORIZED,ALLOW_SESSION
2026-07-02 14:39:38,mona_secure_01,88.0,WARNING,SHADOW_AUDIT
2026-07-02 14:39:41,mona_secure_01,83.8,WARNING,SHADOW_AUDIT
2026-07-02 14:40:14,mona_secure_01,83.8,WARNING,SHADOW_AUDIT
2026-07-02 14:40:32,mona_secure_01,83.8,WARNING,SHADOW_AUDIT
2026-07-02 14:40:35,mona_secure_01,83.8,WARNING,SHADOW_AUDIT
2026-07-02 14:40:38,mona_secure_01,83.8,WARNING,SHADOW_AUDIT
2026-07-02 14:40:41,mona_secure_01,83.8,WARNING,SHADOW_AUDIT
2026-07-02 14:40:44,mona_secure_01,83.8,WARNING,SHADOW_AUDIT
2026-07-02 14:40:47,mona_secure_01,34.8,ISOLATE,HARD_LOCKDOWN
2026-07-02 14:40:50,mona_secure_01,83.8,WARNING,SHADOW_AUDIT
2026-07-02 14:40:53,mona_secure_01,83.8,WARNING,SHADOW_AUDIT
2026-07-02 14:40:56,mona_secure_01,95.3,AUTHORIZED,ALLOW_SESSION
2026-07-02 14:40:59,mona_secure_01,83.8,WARNING,SHADOW_AUDIT
2026-07-02 14:41:02,mona_secure_01,83.8,WARNING,SHADOW_AUDIT
2026-07-02 14:41:17,mona_secure_01,95.3,AUTHORIZED,ALLOW_SESSION
2026-07-02 14:41:21,mona_secure_01,31.2,ISOLATE,HARD_LOCKDOWN
2026-07-02 14:41:27,mona_secure_01,83.8,WARNING,SHADOW_AUDIT
2026-07-02 14:41:30,mona_secure_01,83.8,WARNING,SHADOW_AUDIT
2026-07-02 14:41:33,mona_secure_01,99.4,AUTHORIZED,ALLOW_SESSION
2026-07-02 14:41:36,mona_secure_01,99.5,AUTHORIZED,ALLOW_SESSION
2026-07-02 14:41:39,mona_secure_01,99.3,AUTHORIZED,ALLOW_SESSION
2026-07-02 14:41:42,mona_secure_01,99.5,AUTHORIZED,ALLOW_SESSION
2026-07-02 14:41:45,mona_secure_01,99.5,AUTHORIZED,ALLOW_SESSION
2026-07-02 14:41:48,mona_secure_01,99.5,AUTHORIZED,ALLOW_SESSION
2026-07-02 14:41:52,mona_secure_01,99.4,AUTHORIZED,ALLOW_SESSION
2026-07-02 14:41:55,mona_secure_01,99.5,AUTHORIZED,ALLOW_SESSION
2026-07-02 14:41:58,mona_secure_01,99.5,AUTHORIZED,ALLOW_SESSION
2026-07-02 14:42:01,mona_secure_01,83.8,WARNING,SHADOW_AUDIT
2026-07-02 14:42:16,mona_secure_01,83.8,WARNING,SHADOW_AUDIT
2026-07-02 14:42:19,mona_secure_01,83.8,WARNING,SHADOW_AUDIT
2026-07-02 14:42:22,mona_secure_01,83.8,WARNING,SHADOW_AUDIT
2026-07-02 14:42:25,mona_secure_01,83.8,WARNING,SHADOW_AUDIT
2026-07-02 14:44:01,mona_secure_01,83.8,WARNING,SHADOW_AUDIT
2026-07-02 14:44:04,mona_secure_01,83.8,WARNING,SHADOW_AUDIT
2026-07-02 14:44:07,mona_secure_01,83.8,WARNING,SHADOW_AUDIT
2026-07-02 14:44:10,mona_secure_01,83.8,WARNING,SHADOW_AUDIT
2026-07-02 14:44:13,mona_secure_01,83.8,WARNING,SHADOW_AUDIT
2026-07-02 14:44:16,mona_secure_01,83.8,WARNING,SHADOW_AUDIT
2026-07-02 14:44:19,mona_secure_01,83.8,WARNING,SHADOW_AUDIT
2026-07-02 14:44:22,mona_secure_01,83.8,WARNING,SHADOW_AUDIT
2026-07-02 14:44:25,mona_secure_01,83.8,WARNING,SHADOW_AUDIT
2026-07-02 14:44:28,mona_secure_01,83.8,WARNING,SHADOW_AUDIT
2026-07-02 14:44:34,mona_secure_01,83.8,WARNING,SHADOW_AUDIT
2026-07-02 14:44:37,mona_secure_01,83.8,WARNING,SHADOW_AUDIT
2026-07-02 14:44:40,mona_secure_01,83.8,WARNING,SHADOW_AUDIT
2026-07-02 14:44:43,mona_secure_01,83.8,WARNING,SHADOW_AUDIT
2026-07-02 14:44:46,mona_secure_01,83.8,WARNING,SHADOW_AUDIT
2026-07-02 14:44:52,mona_secure_01,83.8,WARNING,SHADOW_AUDIT
2026-07-02 14:44:55,mona_secure_01,83.8,WARNING,SHADOW_AUDIT
2026-07-02 14:44:58,mona_secure_01,83.8,WARNING,SHADOW_AUDIT
2026-07-02 14:45:01,mona_secure_01,95.3,AUTHORIZED,ALLOW_SESSION
2026-07-02 14:45:16,mona_secure_01,83.8,WARNING,SHADOW_AUDIT
2026-07-02 14:45:19,mona_secure_01,83.8,WARNING,SHADOW_AUDIT
2026-07-02 14:45:22,mona_secure_01,83.8,WARNING,SHADOW_AUDIT
2026-07-02 14:45:25,mona_secure_01,83.8,WARNING,SHADOW_AUDIT
2026-07-02 14:45:28,mona_secure_01,83.8,WARNING,SHADOW_AUDIT
2026-07-02 14:45:31,mona_secure_01,95.3,AUTHORIZED,ALLOW_SESSION
2026-07-02 14:45:34,mona_secure_01,83.8,WARNING,SHADOW_AUDIT
2026-07-02 14:45:40,mona_secure_01,83.8,WARNING,SHADOW_AUDIT
2026-07-02 14:45:52,mona_secure_01,83.8,WARNING,SHADOW_AUDIT
2026-07-02 14:45:58,mona_secure_01,83.8,WARNING,SHADOW_AUDIT
2026-07-02 14:46:04,mona_secure_01,83.8,WARNING,SHADOW_AUDIT
2026-07-02 14:46:07,mona_secure_01,83.8,WARNING,SHADOW_AUDIT
2026-07-02 14:46:10,mona_secure_01,83.8,WARNING,SHADOW_AUDIT
2026-07-02 14:46:13,mona_secure_01,83.8,WARNING,SHADOW_AUDIT
2026-07-02 14:46:16,mona_secure_01,83.8,WARNING,SHADOW_AUDIT
2026-07-02 14:46:19,mona_secure_01,83.8,WARNING,SHADOW_AUDIT
2026-07-02 14:46:22,mona_secure_01,98.2,AUTHORIZED,ALLOW_SESSION
2026-07-02 14:46:25,mona_secure_01,99.5,AUTHORIZED,ALLOW_SESSION
2026-07-02 14:46:29,mona_secure_01,99.5,AUTHORIZED,ALLOW_SESSION
2026-07-02 14:46:32,mona_secure_01,99.5,AUTHORIZED,ALLOW_SESSION
2026-07-02 14:46:35,mona_secure_01,88.0,WARNING,SHADOW_AUDIT
2026-07-02 14:46:38,mona_secure_01,95.3,AUTHORIZED,ALLOW_SESSION
2026-07-02 14:46:41,mona_secure_01,83.8,WARNING,SHADOW_AUDIT
2026-07-02 14:46:44,mona_secure_01,83.8,WARNING,SHADOW_AUDIT
2026-07-02 14:46:47,mona_secure_01,83.8,WARNING,SHADOW_AUDIT
2026-07-02 14:46:50,mona_secure_01,83.8,WARNING,SHADOW_AUDIT
2026-07-02 14:47:14,mona_secure_01,83.8,WARNING,SHADOW_AUDIT
2026-07-02 14:47:17,mona_secure_01,83.8,WARNING,SHADOW_AUDIT
2026-07-02 14:47:20,mona_secure_01,95.3,AUTHORIZED,ALLOW_SESSION
2026-07-02 14:47:26,mona_secure_01,83.8,WARNING,SHADOW_AUDIT
2026-07-02 14:47:29,mona_secure_01,83.8,WARNING,SHADOW_AUDIT
2026-07-02 14:47:32,mona_secure_01,83.8,WARNING,SHADOW_AUDIT
2026-07-02 14:47:35,mona_secure_01,83.8,WARNING,SHADOW_AUDIT
2026-07-02 14:47:38,mona_secure_01,83.8,WARNING,SHADOW_AUDIT
2026-07-02 14:47:41,mona_secure_01,95.3,AUTHORIZED,ALLOW_SESSION
2026-07-02 14:47:44,mona_secure_01,98.3,AUTHORIZED,ALLOW_SESSION
2026-07-02 14:47:47,mona_secure_01,83.8,WARNING,SHADOW_AUDIT
2026-07-02 14:47:50,mona_secure_01,83.8,WARNING,SHADOW_AUDIT
2026-07-02 14:47:53,mona_secure_01,83.8,WARNING,SHADOW_AUDIT
2026-07-02 14:47:56,mona_secure_01,83.8,WARNING,SHADOW_AUDIT
2026-07-02 14:47:59,mona_secure_01,83.8,WARNING,SHADOW_AUDIT
2026-07-02 14:48:02,mona_secure_01,99.4,AUTHORIZED,ALLOW_SESSION
2026-07-02 14:48:06,mona_secure_01,99.5,AUTHORIZED,ALLOW_SESSION
2026-07-02 14:48:09,mona_secure_01,83.8,WARNING,SHADOW_AUDIT
2026-07-02 14:48:12,mona_secure_01,83.8,WARNING,SHADOW_AUDIT
2026-07-02 14:48:15,mona_secure_01,99.3,AUTHORIZED,ALLOW_SESSION
2026-07-02 14:48:18,mona_secure_01,87.9,WARNING,SHADOW_AUDIT
2026-07-02 14:48:21,mona_secure_01,99.4,AUTHORIZED,ALLOW_SESSION
2026-07-02 14:48:24,mona_secure_01,83.8,WARNING,SHADOW_AUDIT
2026-07-02 14:48:27,mona_secure_01,83.8,WARNING,SHADOW_AUDIT
2026-07-02 14:48:30,mona_secure_01,83.8,WARNING,SHADOW_AUDIT
2026-07-02 14:48:33,mona_secure_01,99.5,AUTHORIZED,ALLOW_SESSION
2026-07-02 14:48:36,mona_secure_01,99.5,AUTHORIZED,ALLOW_SESSION
2026-07-02 14:48:39,mona_secure_01,88.0,WARNING,SHADOW_AUDIT
2026-07-02 14:48:42,mona_secure_01,83.8,WARNING,SHADOW_AUDIT
2026-07-02 14:48:45,mona_secure_01,95.3,AUTHORIZED,ALLOW_SESSION
2026-07-02 14:48:48,mona_secure_01,99.5,AUTHORIZED,ALLOW_SESSION
2026-07-02 14:48:52,mona_secure_01,87.9,WARNING,SHADOW_AUDIT
2026-07-02 14:48:55,mona_secure_01,87.9,WARNING,SHADOW_AUDIT
2026-07-02 14:48:58,mona_secure_01,83.8,WARNING,SHADOW_AUDIT
2026-07-02 14:49:04,mona_secure_01,83.8,WARNING,SHADOW_AUDIT
2026-07-02 14:49:07,mona_secure_01,83.8,WARNING,SHADOW_AUDIT
2026-07-02 14:49:10,mona_secure_01,83.8,WARNING,SHADOW_AUDIT
2026-07-02 14:49:13,mona_secure_01,83.8,WARNING,SHADOW_AUDIT
2026-07-02 14:49:16,mona_secure_01,83.8,WARNING,SHADOW_AUDIT
2026-07-02 14:49:19,mona_secure_01,83.8,WARNING,SHADOW_AUDIT
2026-07-02 14:49:22,mona_secure_01,83.8,WARNING,SHADOW_AUDIT
2026-07-02 14:49:25,mona_secure_01,83.8,WARNING,SHADOW_AUDIT
2026-07-02 14:49:28,mona_secure_01,83.8,WARNING,SHADOW_AUDIT
2026-07-02 14:49:31,mona_secure_01,83.8,WARNING,SHADOW_AUDIT
2026-07-02 14:49:34,mona_secure_01,95.3,AUTHORIZED,ALLOW_SESSION
2026-07-02 14:49:46,mona_secure_01,83.8,WARNING,SHADOW_AUDIT
2026-07-02 14:49:49,mona_secure_01,83.8,WARNING,SHADOW_AUDIT
2026-07-02 14:49:52,mona_secure_01,95.3,AUTHORIZED,ALLOW_SESSION
2026-07-02 14:49:55,mona_secure_01,83.8,WARNING,SHADOW_AUDIT
2026-07-02 14:49:58,mona_secure_01,13.4,ISOLATE,HARD_LOCKDOWN
2026-07-02 14:50:01,mona_secure_01,83.8,WARNING,SHADOW_AUDIT
2026-07-02 14:50:04,mona_secure_01,83.8,WARNING,SHADOW_AUDIT
2026-07-02 14:50:07,mona_secure_01,83.8,WARNING,SHADOW_AUDIT
2026-07-02 14:50:10,mona_secure_01,83.8,WARNING,SHADOW_AUDIT
2026-07-02 14:50:13,mona_secure_01,83.8,WARNING,SHADOW_AUDIT
2026-07-02 14:50:16,mona_secure_01,83.8,WARNING,SHADOW_AUDIT
2026-07-02 14:50:19,mona_secure_01,83.8,WARNING,SHADOW_AUDIT
2026-07-02 14:50:43,mona_secure_01,83.8,WARNING,SHADOW_AUDIT
2026-07-02 14:50:46,mona_secure_01,83.8,WARNING,SHADOW_AUDIT
2026-07-02 14:50:52,mona_secure_01,83.8,WARNING,SHADOW_AUDIT
2026-07-02 14:51:07,mona_secure_01,83.8,WARNING,SHADOW_AUDIT
2026-07-02 14:51:10,mona_secure_01,83.8,WARNING,SHADOW_AUDIT
2026-07-02 14:51:13,mona_secure_01,83.8,WARNING,SHADOW_AUDIT
2026-07-02 14:51:16,mona_secure_01,83.8,WARNING,SHADOW_AUDIT
2026-07-02 14:51:19,mona_secure_01,83.8,WARNING,SHADOW_AUDIT
2026-07-02 14:51:22,mona_secure_01,83.8,WARNING,SHADOW_AUDIT
2026-07-02 14:51:25,mona_secure_01,91.4,AUTHORIZED,ALLOW_SESSION
2026-07-02 14:51:28,mona_secure_01,83.8,WARNING,SHADOW_AUDIT
2026-07-02 14:51:31,mona_secure_01,83.8,WARNING,SHADOW_AUDIT
2026-07-02 14:51:34,mona_secure_01,83.8,WARNING,SHADOW_AUDIT
2026-07-02 14:51:37,mona_secure_01,87.5,WARNING,SHADOW_AUDIT
2026-07-02 14:51:41,mona_secure_01,83.8,WARNING,SHADOW_AUDIT
2026-07-02 14:51:44,mona_secure_01,83.8,WARNING,SHADOW_AUDIT
2026-07-02 14:51:47,mona_secure_01,83.8,WARNING,SHADOW_AUDIT
2026-07-02 14:51:50,mona_secure_01,83.8,WARNING,SHADOW_AUDIT
2026-07-02 14:51:53,mona_secure_01,99.4,AUTHORIZED,ALLOW_SESSION
2026-07-02 14:51:56,mona_secure_01,88.0,WARNING,SHADOW_AUDIT
2026-07-02 14:52:02,mona_secure_01,99.5,AUTHORIZED,ALLOW_SESSION
2026-07-02 14:52:05,mona_secure_01,83.8,WARNING,SHADOW_AUDIT
2026-07-02 14:52:08,mona_secure_01,99.3,AUTHORIZED,ALLOW_SESSION
2026-07-02 14:52:11,mona_secure_01,99.5,AUTHORIZED,ALLOW_SESSION
2026-07-02 15:08:48,mona_secure_01,83.8,WARNING,SHADOW_AUDIT
2026-07-02 15:08:51,mona_secure_01,83.8,WARNING,SHADOW_AUDIT
2026-07-02 15:08:54,mona_secure_01,83.8,WARNING,SHADOW_AUDIT
2026-07-02 15:09:00,mona_secure_01,83.8,WARNING,SHADOW_AUDIT
2026-07-02 15:09:03,mona_secure_01,83.8,WARNING,SHADOW_AUDIT
2026-07-02 15:09:06,mona_secure_01,83.8,WARNING,SHADOW_AUDIT
2026-07-02 15:09:09,mona_secure_01,83.8,WARNING,SHADOW_AUDIT
2026-07-02 15:09:12,mona_secure_01,83.8,WARNING,SHADOW_AUDIT
2026-07-02 15:09:15,mona_secure_01,83.8,WARNING,SHADOW_AUDIT
2026-07-02 15:09:18,mona_secure_01,83.8,WARNING,SHADOW_AUDIT
2026-07-02 15:09:21,mona_secure_01,83.8,WARNING,SHADOW_AUDIT
2026-07-02 15:09:30,mona_secure_01,83.8,WARNING,SHADOW_AUDIT
2026-07-02 15:09:33,mona_secure_01,13.7,ISOLATE,HARD_LOCKDOWN
2026-07-02 15:09:36,mona_secure_01,83.8,WARNING,SHADOW_AUDIT
2026-07-02 15:09:40,mona_secure_01,99.5,AUTHORIZED,ALLOW_SESSION
2026-07-02 15:09:43,mona_secure_01,83.8,WARNING,SHADOW_AUDIT
2026-07-02 15:09:46,mona_secure_01,83.8,WARNING,SHADOW_AUDIT
2026-07-02 15:09:49,mona_secure_01,83.8,WARNING,SHADOW_AUDIT
2026-07-02 15:09:52,mona_secure_01,83.8,WARNING,SHADOW_AUDIT
2026-07-02 15:09:55,mona_secure_01,83.8,WARNING,SHADOW_AUDIT
2026-07-02 15:09:58,mona_secure_01,83.8,WARNING,SHADOW_AUDIT
2026-07-02 15:10:01,mona_secure_01,83.8,WARNING,SHADOW_AUDIT
2026-07-02 15:10:04,mona_secure_01,83.8,WARNING,SHADOW_AUDIT
2026-07-02 15:10:07,mona_secure_01,83.8,WARNING,SHADOW_AUDIT
2026-07-02 15:10:10,mona_secure_01,95.3,AUTHORIZED,ALLOW_SESSION
2026-07-02 15:10:13,mona_secure_01,83.8,WARNING,SHADOW_AUDIT
2026-07-02 15:10:16,mona_secure_01,83.8,WARNING,SHADOW_AUDIT
2026-07-02 15:10:19,mona_secure_01,83.8,WARNING,SHADOW_AUDIT
2026-07-02 15:10:22,mona_secure_01,83.8,WARNING,SHADOW_AUDIT
2026-07-02 15:10:25,mona_secure_01,83.8,WARNING,SHADOW_AUDIT
2026-07-02 15:10:28,mona_secure_01,83.8,WARNING,SHADOW_AUDIT
2026-07-02 15:10:31,mona_secure_01,95.3,AUTHORIZED,ALLOW_SESSION
2026-07-02 15:10:34,mona_secure_01,83.8,WARNING,SHADOW_AUDIT
2026-07-02 15:10:37,mona_secure_01,83.8,WARNING,SHADOW_AUDIT
2026-07-02 15:10:40,mona_secure_01,83.8,WARNING,SHADOW_AUDIT
2026-07-02 15:10:43,mona_secure_01,83.8,WARNING,SHADOW_AUDIT
2026-07-02 15:10:46,mona_secure_01,83.8,WARNING,SHADOW_AUDIT
2026-07-02 15:10:49,mona_secure_01,83.8,WARNING,SHADOW_AUDIT
2026-07-02 15:10:52,mona_secure_01,83.8,WARNING,SHADOW_AUDIT
2026-07-02 15:10:55,mona_secure_01,83.8,WARNING,SHADOW_AUDIT
2026-07-02 15:10:58,mona_secure_01,83.8,WARNING,SHADOW_AUDIT
2026-07-02 15:11:01,mona_secure_01,83.8,WARNING,SHADOW_AUDIT
2026-07-02 15:11:04,mona_secure_01,83.8,WARNING,SHADOW_AUDIT
2026-07-02 15:11:07,mona_secure_01,83.8,WARNING,SHADOW_AUDIT
2026-07-02 15:11:10,mona_secure_01,83.8,WARNING,SHADOW_AUDIT
2026-07-02 15:11:13,mona_secure_01,83.8,WARNING,SHADOW_AUDIT
2026-07-02 18:24:47,mona_secure_01,98.7,AUTHORIZED,ALLOW_SESSION
2026-07-02 18:24:53,mona_secure_01,83.8,WARNING,SHADOW_AUDIT
2026-07-02 18:24:56,mona_secure_01,83.8,WARNING,SHADOW_AUDIT
2026-07-02 18:24:59,mona_secure_01,83.8,WARNING,SHADOW_AUDIT
2026-07-02 18:25:02,mona_secure_01,83.8,WARNING,SHADOW_AUDIT
2026-07-02 18:25:08,mona_secure_01,83.8,WARNING,SHADOW_AUDIT
2026-07-02 18:25:47,mona_secure_01,83.8,WARNING,SHADOW_AUDIT
2026-07-02 18:26:02,mona_secure_01,83.8,WARNING,SHADOW_AUDIT
2026-07-02 18:26:05,mona_secure_01,83.8,WARNING,SHADOW_AUDIT
2026-07-02 18:26:08,mona_secure_01,83.8,WARNING,SHADOW_AUDIT
2026-07-02 18:26:11,mona_secure_01,83.8,WARNING,SHADOW_AUDIT
2026-07-02 18:26:14,mona_secure_01,83.8,WARNING,SHADOW_AUDIT
2026-07-02 18:26:18,mona_secure_01,9.4,ISOLATE,HARD_LOCKDOWN
2026-07-02 18:26:21,mona_secure_01,99.5,AUTHORIZED,ALLOW_SESSION
2026-07-02 18:26:24,mona_secure_01,99.5,AUTHORIZED,ALLOW_SESSION
2026-07-02 18:26:27,mona_secure_01,99.5,AUTHORIZED,ALLOW_SESSION
2026-07-02 18:26:30,mona_secure_01,88.0,WARNING,SHADOW_AUDIT
2026-07-02 18:26:33,mona_secure_01,83.8,WARNING,SHADOW_AUDIT
2026-07-02 18:26:36,mona_secure_01,83.8,WARNING,SHADOW_AUDIT
2026-07-02 18:26:39,mona_secure_01,83.8,WARNING,SHADOW_AUDIT
2026-07-02 18:26:42,mona_secure_01,83.8,WARNING,SHADOW_AUDIT
2026-07-02 18:26:45,mona_secure_01,83.8,WARNING,SHADOW_AUDIT
2026-07-02 18:26:48,mona_secure_01,83.8,WARNING,SHADOW_AUDIT
2026-07-02 18:26:51,mona_secure_01,83.8,WARNING,SHADOW_AUDIT
2026-07-02 18:26:54,mona_secure_01,83.8,WARNING,SHADOW_AUDIT
2026-07-02 18:26:57,mona_secure_01,95.3,AUTHORIZED,ALLOW_SESSION
2026-07-02 18:27:00,mona_secure_01,83.8,WARNING,SHADOW_AUDIT
2026-07-02 18:27:03,mona_secure_01,83.8,WARNING,SHADOW_AUDIT
2026-07-02 18:27:06,mona_secure_01,95.3,AUTHORIZED,ALLOW_SESSION
2026-07-02 18:27:09,mona_secure_01,83.8,WARNING,SHADOW_AUDIT
2026-07-02 18:27:12,mona_secure_01,83.8,WARNING,SHADOW_AUDIT
2026-07-02 18:27:36,mona_secure_01,83.8,WARNING,SHADOW_AUDIT
2026-07-02 18:27:40,mona_secure_01,94.8,AUTHORIZED,ALLOW_SESSION
2026-07-02 18:27:43,mona_secure_01,99.5,AUTHORIZED,ALLOW_SESSION
2026-07-02 18:27:46,mona_secure_01,99.5,AUTHORIZED,ALLOW_SESSION
2026-07-02 18:27:49,mona_secure_01,99.5,AUTHORIZED,ALLOW_SESSION
2026-07-02 18:27:52,mona_secure_01,83.8,WARNING,SHADOW_AUDIT
2026-07-02 18:27:55,mona_secure_01,95.3,AUTHORIZED,ALLOW_SESSION
2026-07-02 18:27:58,mona_secure_01,95.3,AUTHORIZED,ALLOW_SESSION
2026-07-02 18:28:04,mona_secure_01,83.8,WARNING,SHADOW_AUDIT
2026-07-02 18:28:07,mona_secure_01,83.8,WARNING,SHADOW_AUDIT
2026-07-02 18:28:10,mona_secure_01,83.8,WARNING,SHADOW_AUDIT
2026-07-02 18:28:13,mona_secure_01,83.8,WARNING,SHADOW_AUDIT
2026-07-02 18:28:16,mona_secure_01,87.3,WARNING,SHADOW_AUDIT
2026-07-02 18:28:19,mona_secure_01,99.5,AUTHORIZED,ALLOW_SESSION
2026-07-02 18:28:22,mona_secure_01,88.0,WARNING,SHADOW_AUDIT
2026-07-02 18:28:25,mona_secure_01,99.5,AUTHORIZED,ALLOW_SESSION
2026-07-02 18:28:29,mona_secure_01,88.0,WARNING,SHADOW_AUDIT
2026-07-02 18:28:32,mona_secure_01,83.8,WARNING,SHADOW_AUDIT
2026-07-02 18:28:35,mona_secure_01,99.5,AUTHORIZED,ALLOW_SESSION
2026-07-02 18:28:38,mona_secure_01,99.5,AUTHORIZED,ALLOW_SESSION
2026-07-02 18:28:41,mona_secure_01,99.5,AUTHORIZED,ALLOW_SESSION
2026-07-02 18:28:44,mona_secure_01,99.5,AUTHORIZED,ALLOW_SESSION
2026-07-02 18:28:47,mona_secure_01,88.0,WARNING,SHADOW_AUDIT
2026-07-02 18:28:50,mona_secure_01,83.8,WARNING,SHADOW_AUDIT
2026-07-02 18:28:53,mona_secure_01,87.9,WARNING,SHADOW_AUDIT
2026-07-02 18:28:57,mona_secure_01,99.5,AUTHORIZED,ALLOW_SESSION
2026-07-02 18:29:03,mona_secure_01,83.8,WARNING,SHADOW_AUDIT
2026-07-02 18:29:06,mona_secure_01,95.3,AUTHORIZED,ALLOW_SESSION
2026-07-02 18:29:09,mona_secure_01,83.8,WARNING,SHADOW_AUDIT
2026-07-02 18:29:12,mona_secure_01,95.3,AUTHORIZED,ALLOW_SESSION
2026-07-02 18:29:15,mona_secure_01,87.8,WARNING,SHADOW_AUDIT
2026-07-02 18:29:18,mona_secure_01,99.5,AUTHORIZED,ALLOW_SESSION
2026-07-02 18:29:21,mona_secure_01,99.5,AUTHORIZED,ALLOW_SESSION
2026-07-02 18:29:24,mona_secure_01,88.0,WARNING,SHADOW_AUDIT
2026-07-02 18:29:27,mona_secure_01,83.8,WARNING,SHADOW_AUDIT
2026-07-02 18:29:30,mona_secure_01,99.5,AUTHORIZED,ALLOW_SESSION
2026-07-02 18:29:33,mona_secure_01,99.5,AUTHORIZED,ALLOW_SESSION
2026-07-02 18:29:36,mona_secure_01,88.0,WARNING,SHADOW_AUDIT
2026-07-02 18:29:40,mona_secure_01,99.5,AUTHORIZED,ALLOW_SESSION
2026-07-02 18:29:43,mona_secure_01,99.5,AUTHORIZED,ALLOW_SESSION
2026-07-02 18:29:46,mona_secure_01,88.0,WARNING,SHADOW_AUDIT
2026-07-02 18:29:49,mona_secure_01,87.9,WARNING,SHADOW_AUDIT
2026-07-02 18:29:52,mona_secure_01,99.5,AUTHORIZED,ALLOW_SESSION
2026-07-02 18:29:55,mona_secure_01,99.5,AUTHORIZED,ALLOW_SESSION
2026-07-02 18:29:58,mona_secure_01,83.8,WARNING,SHADOW_AUDIT
2026-07-02 18:30:01,mona_secure_01,83.8,WARNING,SHADOW_AUDIT
2026-07-02 18:30:07,mona_secure_01,83.8,WARNING,SHADOW_AUDIT
2026-07-02 18:30:10,mona_secure_01,83.8,WARNING,SHADOW_AUDIT
2026-07-02 18:30:13,mona_secure_01,83.8,WARNING,SHADOW_AUDIT
2026-07-02 18:30:16,mona_secure_01,83.8,WARNING,SHADOW_AUDIT
2026-07-02 18:30:19,mona_secure_01,83.8,WARNING,SHADOW_AUDIT
2026-07-02 18:30:22,mona_secure_01,83.8,WARNING,SHADOW_AUDIT
2026-07-02 18:30:25,mona_secure_01,83.8,WARNING,SHADOW_AUDIT
2026-07-02 18:30:28,mona_secure_01,99.1,AUTHORIZED,ALLOW_SESSION
2026-07-02 18:30:32,mona_secure_01,88.0,WARNING,SHADOW_AUDIT
2026-07-02 18:30:35,mona_secure_01,88.0,WARNING,SHADOW_AUDIT
2026-07-02 18:30:38,mona_secure_01,99.5,AUTHORIZED,ALLOW_SESSION
2026-07-02 18:30:41,mona_secure_01,83.8,WARNING,SHADOW_AUDIT
2026-07-02 18:30:44,mona_secure_01,99.5,AUTHORIZED,ALLOW_SESSION
2026-07-02 18:30:47,mona_secure_01,99.5,AUTHORIZED,ALLOW_SESSION
2026-07-02 18:30:50,mona_secure_01,99.5,AUTHORIZED,ALLOW_SESSION
2026-07-02 18:30:53,mona_secure_01,99.5,AUTHORIZED,ALLOW_SESSION
2026-07-02 18:30:56,mona_secure_01,95.3,AUTHORIZED,ALLOW_SESSION
2026-07-02 18:30:59,mona_secure_01,99.5,AUTHORIZED,ALLOW_SESSION
2026-07-02 18:31:02,mona_secure_01,83.8,WARNING,SHADOW_AUDIT
2026-07-02 18:31:05,mona_secure_01,95.3,AUTHORIZED,ALLOW_SESSION
2026-07-02 18:31:53,mona_secure_01,83.8,WARNING,SHADOW_AUDIT
2026-07-02 18:31:56,mona_secure_01,83.8,WARNING,SHADOW_AUDIT
2026-07-02 18:31:59,mona_secure_01,83.8,WARNING,SHADOW_AUDIT
2026-07-02 18:32:05,mona_secure_01,83.8,WARNING,SHADOW_AUDIT
2026-07-02 18:32:11,mona_secure_01,95.3,AUTHORIZED,ALLOW_SESSION
2026-07-02 18:32:14,mona_secure_01,83.8,WARNING,SHADOW_AUDIT
2026-07-02 18:32:17,mona_secure_01,83.8,WARNING,SHADOW_AUDIT
2026-07-02 18:32:20,mona_secure_01,83.8,WARNING,SHADOW_AUDIT
2026-07-02 18:32:24,mona_secure_01,83.8,WARNING,SHADOW_AUDIT
2026-07-02 18:32:27,mona_secure_01,83.8,WARNING,SHADOW_AUDIT
2026-07-02 18:33:12,mona_secure_01,83.8,WARNING,SHADOW_AUDIT
2026-07-02 18:33:15,mona_secure_01,83.8,WARNING,SHADOW_AUDIT
2026-07-02 18:33:21,mona_secure_01,95.3,AUTHORIZED,ALLOW_SESSION
2026-07-02 18:33:24,mona_secure_01,71.3,ISOLATE,HARD_LOCKDOWN
2026-07-02 18:33:27,mona_secure_01,99.5,AUTHORIZED,ALLOW_SESSION
2026-07-02 18:33:30,mona_secure_01,99.5,AUTHORIZED,ALLOW_SESSION
2026-07-02 18:33:33,mona_secure_01,87.9,WARNING,SHADOW_AUDIT
2026-07-02 18:33:36,mona_secure_01,87.9,WARNING,SHADOW_AUDIT
2026-07-02 18:33:39,mona_secure_01,99.5,AUTHORIZED,ALLOW_SESSION
2026-07-02 18:33:42,mona_secure_01,88.0,WARNING,SHADOW_AUDIT
2026-07-02 18:33:46,mona_secure_01,99.5,AUTHORIZED,ALLOW_SESSION
2026-07-02 18:33:49,mona_secure_01,83.8,WARNING,SHADOW_AUDIT
2026-07-02 18:33:52,mona_secure_01,83.8,WARNING,SHADOW_AUDIT
2026-07-02 18:33:55,mona_secure_01,83.8,WARNING,SHADOW_AUDIT
2026-07-02 18:33:58,mona_secure_01,87.9,WARNING,SHADOW_AUDIT
2026-07-02 18:34:01,mona_secure_01,83.8,WARNING,SHADOW_AUDIT
2026-07-02 18:34:04,mona_secure_01,83.8,WARNING,SHADOW_AUDIT
2026-07-02 18:34:07,mona_secure_01,83.8,WARNING,SHADOW_AUDIT
2026-07-02 18:34:10,mona_secure_01,83.8,WARNING,SHADOW_AUDIT
2026-07-02 18:34:13,mona_secure_01,99.4,AUTHORIZED,ALLOW_SESSION
2026-07-02 18:34:16,mona_secure_01,99.5,AUTHORIZED,ALLOW_SESSION
2026-07-02 18:34:19,mona_secure_01,95.3,AUTHORIZED,ALLOW_SESSION
2026-07-02 18:34:22,mona_secure_01,83.8,WARNING,SHADOW_AUDIT
2026-07-02 18:34:25,mona_secure_01,83.8,WARNING,SHADOW_AUDIT
2026-07-02 18:34:28,mona_secure_01,95.3,AUTHORIZED,ALLOW_SESSION
2026-07-02 18:34:31,mona_secure_01,99.4,AUTHORIZED,ALLOW_SESSION
2026-07-02 18:34:34,mona_secure_01,99.5,AUTHORIZED,ALLOW_SESSION
2026-07-02 18:34:38,mona_secure_01,99.5,AUTHORIZED,ALLOW_SESSION
2026-07-02 18:34:41,mona_secure_01,83.8,WARNING,SHADOW_AUDIT
2026-07-02 18:34:47,mona_secure_01,83.8,WARNING,SHADOW_AUDIT
2026-07-02 18:34:50,mona_secure_01,86.8,WARNING,SHADOW_AUDIT
2026-07-02 18:34:53,mona_secure_01,99.4,AUTHORIZED,ALLOW_SESSION
2026-07-02 18:34:56,mona_secure_01,88.0,WARNING,SHADOW_AUDIT
2026-07-02 18:34:59,mona_secure_01,99.5,AUTHORIZED,ALLOW_SESSION
2026-07-02 18:35:02,mona_secure_01,99.5,AUTHORIZED,ALLOW_SESSION
2026-07-02 18:35:05,mona_secure_01,99.5,AUTHORIZED,ALLOW_SESSION
2026-07-02 18:35:08,mona_secure_01,83.8,WARNING,SHADOW_AUDIT
2026-07-02 18:35:11,mona_secure_01,83.8,WARNING,SHADOW_AUDIT
2026-07-02 18:35:14,mona_secure_01,83.8,WARNING,SHADOW_AUDIT
2026-07-02 18:35:23,mona_secure_01,83.8,WARNING,SHADOW_AUDIT
2026-07-02 18:35:26,mona_secure_01,95.3,AUTHORIZED,ALLOW_SESSION
2026-07-02 18:35:32,mona_secure_01,83.8,WARNING,SHADOW_AUDIT
2026-07-02 18:36:11,mona_secure_01,83.8,WARNING,SHADOW_AUDIT
2026-07-02 18:37:38,mona_secure_01,83.8,WARNING,SHADOW_AUDIT
2026-07-02 18:37:41,mona_secure_01,83.8,WARNING,SHADOW_AUDIT
2026-07-02 18:37:59,mona_secure_01,83.8,WARNING,SHADOW_AUDIT
2026-07-02 18:38:08,mona_secure_01,83.8,WARNING,SHADOW_AUDIT
2026-07-02 18:38:14,mona_secure_01,83.8,WARNING,SHADOW_AUDIT
2026-07-02 18:38:18,mona_secure_01,83.8,WARNING,SHADOW_AUDIT
2026-07-02 18:38:24,mona_secure_01,16.4,ISOLATE,HARD_LOCKDOWN
2026-07-02 18:38:27,mona_secure_01,83.8,WARNING,SHADOW_AUDIT
2026-07-02 18:38:30,mona_secure_01,87.9,WARNING,SHADOW_AUDIT
2026-07-02 18:38:33,mona_secure_01,83.8,WARNING,SHADOW_AUDIT
2026-07-02 18:38:36,mona_secure_01,83.8,WARNING,SHADOW_AUDIT
2026-07-02 18:38:39,mona_secure_01,99.5,AUTHORIZED,ALLOW_SESSION
2026-07-02 18:38:42,mona_secure_01,99.5,AUTHORIZED,ALLOW_SESSION
2026-07-02 18:38:45,mona_secure_01,99.5,AUTHORIZED,ALLOW_SESSION
2026-07-02 18:38:48,mona_secure_01,83.8,WARNING,SHADOW_AUDIT
2026-07-02 18:38:51,mona_secure_01,83.8,WARNING,SHADOW_AUDIT
2026-07-02 18:38:54,mona_secure_01,83.8,WARNING,SHADOW_AUDIT
2026-07-02 18:38:57,mona_secure_01,83.8,WARNING,SHADOW_AUDIT
2026-07-02 18:39:00,mona_secure_01,84.4,WARNING,SHADOW_AUDIT
2026-07-02 18:39:03,mona_secure_01,88.0,WARNING,SHADOW_AUDIT
2026-07-02 18:39:07,mona_secure_01,88.0,WARNING,SHADOW_AUDIT
2026-07-02 18:39:10,mona_secure_01,87.9,WARNING,SHADOW_AUDIT
2026-07-02 18:39:13,mona_secure_01,99.5,AUTHORIZED,ALLOW_SESSION
2026-07-02 18:39:16,mona_secure_01,83.8,WARNING,SHADOW_AUDIT
2026-07-02 18:39:19,mona_secure_01,99.5,AUTHORIZED,ALLOW_SESSION
2026-07-02 18:39:22,mona_secure_01,99.5,AUTHORIZED,ALLOW_SESSION
2026-07-02 18:39:25,mona_secure_01,99.5,AUTHORIZED,ALLOW_SESSION
2026-07-02 18:39:28,mona_secure_01,83.8,WARNING,SHADOW_AUDIT
2026-07-02 18:39:31,mona_secure_01,99.5,AUTHORIZED,ALLOW_SESSION
2026-07-02 18:39:34,mona_secure_01,99.5,AUTHORIZED,ALLOW_SESSION
2026-07-02 18:39:37,mona_secure_01,83.8,WARNING,SHADOW_AUDIT
2026-07-02 18:39:41,mona_secure_01,99.5,AUTHORIZED,ALLOW_SESSION
2026-07-02 18:39:44,mona_secure_01,99.5,AUTHORIZED,ALLOW_SESSION
2026-07-02 18:39:47,mona_secure_01,73.1,ISOLATE,HARD_LOCKDOWN
2026-07-02 18:39:50,mona_secure_01,99.5,AUTHORIZED,ALLOW_SESSION
2026-07-02 18:39:53,mona_secure_01,99.5,AUTHORIZED,ALLOW_SESSION
2026-07-02 18:39:56,mona_secure_01,83.8,WARNING,SHADOW_AUDIT
2026-07-02 18:40:35,mona_secure_01,83.8,WARNING,SHADOW_AUDIT
2026-07-02 18:40:41,mona_secure_01,95.3,AUTHORIZED,ALLOW_SESSION
2026-07-02 18:40:44,mona_secure_01,83.8,WARNING,SHADOW_AUDIT
2026-07-02 18:40:47,mona_secure_01,95.3,AUTHORIZED,ALLOW_SESSION
2026-07-02 18:40:50,mona_secure_01,84.4,WARNING,SHADOW_AUDIT
2026-07-02 18:40:53,mona_secure_01,99.5,AUTHORIZED,ALLOW_SESSION
2026-07-02 18:40:59,mona_secure_01,83.8,WARNING,SHADOW_AUDIT
2026-07-02 18:41:02,mona_secure_01,95.3,AUTHORIZED,ALLOW_SESSION
2026-07-02 18:41:17,mona_secure_01,83.8,WARNING,SHADOW_AUDIT
2026-07-02 18:41:20,mona_secure_01,83.8,WARNING,SHADOW_AUDIT
2026-07-02 18:41:23,mona_secure_01,83.8,WARNING,SHADOW_AUDIT
2026-07-02 18:41:29,mona_secure_01,83.8,WARNING,SHADOW_AUDIT
2026-07-02 18:41:32,mona_secure_01,83.8,WARNING,SHADOW_AUDIT
2026-07-02 18:41:35,mona_secure_01,83.8,WARNING,SHADOW_AUDIT
2026-07-02 18:41:38,mona_secure_01,83.8,WARNING,SHADOW_AUDIT
2026-07-02 18:41:41,mona_secure_01,83.8,WARNING,SHADOW_AUDIT
2026-07-02 18:41:44,mona_secure_01,83.8,WARNING,SHADOW_AUDIT
2026-07-02 18:41:47,mona_secure_01,83.8,WARNING,SHADOW_AUDIT
2026-07-02 18:41:50,mona_secure_01,95.3,AUTHORIZED,ALLOW_SESSION
2026-07-02 18:41:53,mona_secure_01,95.3,AUTHORIZED,ALLOW_SESSION
2026-07-02 18:41:56,mona_secure_01,83.8,WARNING,SHADOW_AUDIT
2026-07-02 18:42:00,mona_secure_01,83.8,WARNING,SHADOW_AUDIT
2026-07-02 18:42:03,mona_secure_01,83.8,WARNING,SHADOW_AUDIT
2026-07-02 18:42:06,mona_secure_01,83.8,WARNING,SHADOW_AUDIT
2026-07-02 18:42:15,mona_secure_01,83.8,WARNING,SHADOW_AUDIT
2026-07-02 18:42:21,mona_secure_01,83.8,WARNING,SHADOW_AUDIT
2026-07-02 18:42:24,mona_secure_01,95.3,AUTHORIZED,ALLOW_SESSION
2026-07-02 18:42:27,mona_secure_01,83.8,WARNING,SHADOW_AUDIT
2026-07-02 18:42:30,mona_secure_01,83.8,WARNING,SHADOW_AUDIT
2026-07-02 18:42:42,mona_secure_01,83.8,WARNING,SHADOW_AUDIT
2026-07-09 20:31:26,mona_secure_01,83.8,WARNING,SHADOW_AUDIT
2026-07-09 20:31:29,mona_secure_01,83.8,WARNING,SHADOW_AUDIT
2026-07-09 20:31:32,mona_secure_01,83.8,WARNING,SHADOW_AUDIT
2026-07-09 20:31:35,mona_secure_01,95.3,AUTHORIZED,ALLOW_SESSION
2026-07-09 20:31:38,mona_secure_01,83.8,WARNING,SHADOW_AUDIT
2026-07-09 20:31:41,mona_secure_01,83.8,WARNING,SHADOW_AUDIT
2026-07-09 20:31:44,mona_secure_01,83.8,WARNING,SHADOW_AUDIT
2026-07-09 20:31:47,mona_secure_01,83.8,WARNING,SHADOW_AUDIT
2026-07-09 20:31:50,mona_secure_01,31.5,ISOLATE,HARD_LOCKDOWN
2026-07-09 20:31:53,mona_secure_01,83.8,WARNING,SHADOW_AUDIT
2026-07-09 20:31:56,mona_secure_01,83.8,WARNING,SHADOW_AUDIT
2026-07-09 20:31:59,mona_secure_01,83.8,WARNING,SHADOW_AUDIT
2026-07-09 20:32:02,mona_secure_01,83.8,WARNING,SHADOW_AUDIT
2026-07-09 20:32:11,mona_secure_01,83.8,WARNING,SHADOW_AUDIT
2026-07-09 20:32:14,mona_secure_01,47.1,ISOLATE,HARD_LOCKDOWN
2026-07-09 20:32:18,mona_secure_01,99.5,AUTHORIZED,ALLOW_SESSION
2026-07-09 20:32:21,mona_secure_01,88.0,WARNING,SHADOW_AUDIT
2026-07-09 20:32:24,mona_secure_01,83.8,WARNING,SHADOW_AUDIT
2026-07-09 20:32:27,mona_secure_01,99.5,AUTHORIZED,ALLOW_SESSION
2026-07-09 20:32:30,mona_secure_01,83.8,WARNING,SHADOW_AUDIT
2026-07-09 20:32:33,mona_secure_01,83.8,WARNING,SHADOW_AUDIT
2026-07-09 20:32:36,mona_secure_01,87.7,WARNING,SHADOW_AUDIT
2026-07-09 20:32:39,mona_secure_01,83.8,WARNING,SHADOW_AUDIT
2026-07-09 20:32:42,mona_secure_01,83.8,WARNING,SHADOW_AUDIT
2026-07-09 20:32:45,mona_secure_01,88.0,WARNING,SHADOW_AUDIT
2026-07-09 20:32:48,mona_secure_01,83.8,WARNING,SHADOW_AUDIT
2026-07-09 20:32:51,mona_secure_01,83.8,WARNING,SHADOW_AUDIT
2026-07-09 20:32:54,mona_secure_01,83.8,WARNING,SHADOW_AUDIT
2026-07-09 20:32:57,mona_secure_01,98.8,AUTHORIZED,ALLOW_SESSION
2026-07-09 20:33:00,mona_secure_01,83.8,WARNING,SHADOW_AUDIT
2026-07-09 20:33:03,mona_secure_01,83.8,WARNING,SHADOW_AUDIT
2026-07-09 20:33:06,mona_secure_01,83.8,WARNING,SHADOW_AUDIT
2026-07-09 20:33:10,mona_secure_01,99.1,AUTHORIZED,ALLOW_SESSION
2026-07-09 20:33:13,mona_secure_01,83.8,WARNING,SHADOW_AUDIT
2026-07-09 20:33:16,mona_secure_01,83.8,WARNING,SHADOW_AUDIT
2026-07-09 20:33:25,mona_secure_01,83.8,WARNING,SHADOW_AUDIT
2026-07-09 20:33:28,mona_secure_01,83.8,WARNING,SHADOW_AUDIT
2026-07-09 20:33:37,mona_secure_01,83.8,WARNING,SHADOW_AUDIT
2026-07-09 20:33:40,mona_secure_01,83.8,WARNING,SHADOW_AUDIT
2026-07-09 20:33:43,mona_secure_01,83.8,WARNING,SHADOW_AUDIT
2026-07-09 20:34:40,mona_secure_01,83.8,WARNING,SHADOW_AUDIT
2026-07-09 20:35:13,mona_secure_01,83.8,WARNING,SHADOW_AUDIT
2026-07-09 20:35:16,mona_secure_01,7.6,ISOLATE,HARD_LOCKDOWN
2026-07-09 20:35:19,mona_secure_01,83.8,WARNING,SHADOW_AUDIT
2026-07-09 20:35:22,mona_secure_01,83.8,WARNING,SHADOW_AUDIT
2026-07-09 20:35:25,mona_secure_01,83.8,WARNING,SHADOW_AUDIT
2026-07-09 20:35:28,mona_secure_01,83.8,WARNING,SHADOW_AUDIT
2026-07-09 20:35:31,mona_secure_01,83.8,WARNING,SHADOW_AUDIT
2026-07-09 20:35:34,mona_secure_01,80.7,WARNING,SHADOW_AUDIT
2026-07-09 20:35:37,mona_secure_01,99.5,AUTHORIZED,ALLOW_SESSION
2026-07-09 20:35:40,mona_secure_01,83.8,WARNING,SHADOW_AUDIT
2026-07-09 20:35:43,mona_secure_01,83.8,WARNING,SHADOW_AUDIT
2026-07-09 20:35:49,mona_secure_01,83.8,WARNING,SHADOW_AUDIT
2026-07-09 20:35:52,mona_secure_01,83.8,WARNING,SHADOW_AUDIT
2026-07-09 20:36:10,mona_secure_01,83.8,WARNING,SHADOW_AUDIT
2026-07-09 20:36:13,mona_secure_01,83.8,WARNING,SHADOW_AUDIT
2026-07-09 20:36:16,mona_secure_01,87.9,WARNING,SHADOW_AUDIT
2026-07-09 20:36:19,mona_secure_01,99.5,AUTHORIZED,ALLOW_SESSION
2026-07-09 20:36:23,mona_secure_01,87.9,WARNING,SHADOW_AUDIT
2026-07-09 20:36:26,mona_secure_01,83.8,WARNING,SHADOW_AUDIT
2026-07-09 20:37:05,mona_secure_01,83.8,WARNING,SHADOW_AUDIT
2026-07-09 20:37:08,mona_secure_01,95.3,AUTHORIZED,ALLOW_SESSION
2026-07-09 20:37:26,mona_secure_01,83.8,WARNING,SHADOW_AUDIT
2026-07-09 20:37:29,mona_secure_01,83.8,WARNING,SHADOW_AUDIT
2026-07-09 20:37:53,mona_secure_01,83.8,WARNING,SHADOW_AUDIT
2026-07-09 20:37:56,mona_secure_01,83.8,WARNING,SHADOW_AUDIT
2026-07-09 20:38:41,mona_secure_01,83.8,WARNING,SHADOW_AUDIT
2026-07-09 20:38:47,mona_secure_01,83.8,WARNING,SHADOW_AUDIT
2026-07-09 20:38:50,mona_secure_01,83.8,WARNING,SHADOW_AUDIT
2026-07-09 20:38:53,mona_secure_01,83.8,WARNING,SHADOW_AUDIT
2026-07-09 20:38:56,mona_secure_01,83.8,WARNING,SHADOW_AUDIT
2026-07-09 20:38:59,mona_secure_01,83.8,WARNING,SHADOW_AUDIT
2026-07-09 20:39:02,mona_secure_01,83.8,WARNING,SHADOW_AUDIT
2026-07-09 20:39:11,mona_secure_01,83.8,WARNING,SHADOW_AUDIT
2026-07-09 20:39:14,mona_secure_01,83.8,WARNING,SHADOW_AUDIT
2026-07-09 20:39:23,mona_secure_01,83.8,WARNING,SHADOW_AUDIT
2026-07-09 20:39:26,mona_secure_01,83.8,WARNING,SHADOW_AUDIT
2026-07-09 20:39:29,mona_secure_01,83.8,WARNING,SHADOW_AUDIT
2026-07-09 20:39:32,mona_secure_01,83.8,WARNING,SHADOW_AUDIT
2026-07-09 20:39:35,mona_secure_01,83.8,WARNING,SHADOW_AUDIT
2026-07-09 20:39:38,mona_secure_01,83.8,WARNING,SHADOW_AUDIT
2026-07-09 20:39:41,mona_secure_01,83.8,WARNING,SHADOW_AUDIT
2026-07-09 20:39:44,mona_secure_01,83.8,WARNING,SHADOW_AUDIT
2026-07-09 20:39:47,mona_secure_01,83.8,WARNING,SHADOW_AUDIT
2026-07-09 20:39:50,mona_secure_01,83.8,WARNING,SHADOW_AUDIT
2026-07-09 20:39:59,mona_secure_01,83.8,WARNING,SHADOW_AUDIT
2026-07-09 20:40:02,mona_secure_01,83.8,WARNING,SHADOW_AUDIT
2026-07-09 20:40:05,mona_secure_01,83.8,WARNING,SHADOW_AUDIT
2026-07-09 20:40:08,mona_secure_01,83.8,WARNING,SHADOW_AUDIT
2026-07-09 20:40:11,mona_secure_01,83.8,WARNING,SHADOW_AUDIT
2026-07-09 20:40:14,mona_secure_01,83.8,WARNING,SHADOW_AUDIT
2026-07-09 20:40:17,mona_secure_01,83.8,WARNING,SHADOW_AUDIT
2026-07-09 20:40:20,mona_secure_01,83.8,WARNING,SHADOW_AUDIT
2026-07-09 20:40:23,mona_secure_01,5.7,ISOLATE,HARD_LOCKDOWN
2026-07-09 20:40:26,mona_secure_01,83.8,WARNING,SHADOW_AUDIT
2026-07-09 20:40:29,mona_secure_01,87.8,WARNING,SHADOW_AUDIT
2026-07-09 20:40:32,mona_secure_01,83.8,WARNING,SHADOW_AUDIT
2026-07-09 20:40:35,mona_secure_01,83.8,WARNING,SHADOW_AUDIT
2026-07-09 20:40:38,mona_secure_01,83.8,WARNING,SHADOW_AUDIT
2026-07-09 20:40:41,mona_secure_01,83.8,WARNING,SHADOW_AUDIT
2026-07-09 20:40:47,mona_secure_01,81.2,WARNING,SHADOW_AUDIT
2026-07-09 20:40:50,mona_secure_01,83.8,WARNING,SHADOW_AUDIT
2026-07-09 20:40:53,mona_secure_01,83.8,WARNING,SHADOW_AUDIT
2026-07-09 20:40:57,mona_secure_01,87.8,WARNING,SHADOW_AUDIT
2026-07-09 20:41:00,mona_secure_01,95.3,AUTHORIZED,ALLOW_SESSION
2026-07-09 20:41:03,mona_secure_01,83.8,WARNING,SHADOW_AUDIT
2026-07-09 20:41:06,mona_secure_01,95.3,AUTHORIZED,ALLOW_SESSION
2026-07-09 20:41:09,mona_secure_01,83.8,WARNING,SHADOW_AUDIT
2026-07-09 20:41:12,mona_secure_01,83.8,WARNING,SHADOW_AUDIT
2026-07-09 20:41:15,mona_secure_01,83.8,WARNING,SHADOW_AUDIT
2026-07-09 20:41:18,mona_secure_01,83.8,WARNING,SHADOW_AUDIT
2026-07-09 20:41:21,mona_secure_01,83.8,WARNING,SHADOW_AUDIT
2026-07-09 20:41:24,mona_secure_01,83.8,WARNING,SHADOW_AUDIT
2026-07-09 20:41:27,mona_secure_01,83.8,WARNING,SHADOW_AUDIT
2026-07-09 20:41:33,mona_secure_01,30.1,ISOLATE,HARD_LOCKDOWN
2026-07-09 20:41:42,mona_secure_01,99.1,AUTHORIZED,ALLOW_SESSION
2026-07-09 20:41:45,mona_secure_01,83.8,WARNING,SHADOW_AUDIT
2026-07-09 20:41:48,mona_secure_01,83.8,WARNING,SHADOW_AUDIT
2026-07-09 20:43:12,mona_secure_01,95.3,AUTHORIZED,ALLOW_SESSION
2026-07-09 20:44:24,mona_secure_01,83.8,WARNING,SHADOW_AUDIT
2026-07-09 20:44:27,mona_secure_01,83.8,WARNING,SHADOW_AUDIT
2026-07-09 20:44:30,mona_secure_01,83.8,WARNING,SHADOW_AUDIT
2026-07-09 20:44:33,mona_secure_01,88.0,WARNING,SHADOW_AUDIT
2026-07-09 20:44:36,mona_secure_01,83.8,WARNING,SHADOW_AUDIT
2026-07-09 20:44:39,mona_secure_01,99.5,AUTHORIZED,ALLOW_SESSION
2026-07-09 20:44:57,mona_secure_01,83.8,WARNING,SHADOW_AUDIT
2026-07-09 20:45:00,mona_secure_01,83.8,WARNING,SHADOW_AUDIT
2026-07-09 20:45:03,mona_secure_01,83.8,WARNING,SHADOW_AUDIT
2026-07-09 20:45:06,mona_secure_01,83.8,WARNING,SHADOW_AUDIT
2026-07-09 20:45:09,mona_secure_01,83.8,WARNING,SHADOW_AUDIT
2026-07-09 20:45:12,mona_secure_01,83.8,WARNING,SHADOW_AUDIT
2026-07-09 20:45:15,mona_secure_01,83.8,WARNING,SHADOW_AUDIT
2026-07-09 20:45:18,mona_secure_01,83.8,WARNING,SHADOW_AUDIT
2026-07-09 20:45:21,mona_secure_01,83.8,WARNING,SHADOW_AUDIT
2026-07-09 20:45:24,mona_secure_01,83.8,WARNING,SHADOW_AUDIT
2026-07-09 20:45:27,mona_secure_01,83.8,WARNING,SHADOW_AUDIT
2026-07-09 20:45:30,mona_secure_01,83.8,WARNING,SHADOW_AUDIT
2026-07-09 20:45:33,mona_secure_01,83.8,WARNING,SHADOW_AUDIT
2026-07-09 20:45:36,mona_secure_01,83.8,WARNING,SHADOW_AUDIT
2026-07-09 20:45:39,mona_secure_01,83.8,WARNING,SHADOW_AUDIT
2026-07-09 20:45:42,mona_secure_01,83.8,WARNING,SHADOW_AUDIT
2026-07-09 20:45:45,mona_secure_01,83.8,WARNING,SHADOW_AUDIT
2026-07-09 20:45:48,mona_secure_01,83.8,WARNING,SHADOW_AUDIT
2026-07-09 20:45:51,mona_secure_01,95.3,AUTHORIZED,ALLOW_SESSION
2026-07-09 20:45:57,mona_secure_01,83.8,WARNING,SHADOW_AUDIT
2026-07-09 20:46:01,mona_secure_01,88.0,WARNING,SHADOW_AUDIT
2026-07-09 20:46:04,mona_secure_01,99.5,AUTHORIZED,ALLOW_SESSION
2026-07-09 20:46:07,mona_secure_01,99.5,AUTHORIZED,ALLOW_SESSION
2026-07-09 20:46:10,mona_secure_01,88.0,WARNING,SHADOW_AUDIT
2026-07-09 20:46:13,mona_secure_01,87.9,WARNING,SHADOW_AUDIT
2026-07-09 20:46:16,mona_secure_01,83.8,WARNING,SHADOW_AUDIT
2026-07-09 20:46:19,mona_secure_01,99.5,AUTHORIZED,ALLOW_SESSION
2026-07-09 20:46:22,mona_secure_01,99.5,AUTHORIZED,ALLOW_SESSION
2026-07-09 20:46:26,mona_secure_01,99.5,AUTHORIZED,ALLOW_SESSION
2026-07-09 20:46:29,mona_secure_01,99.5,AUTHORIZED,ALLOW_SESSION
2026-07-09 20:48:41,mona_secure_01,83.8,WARNING,SHADOW_AUDIT
2026-07-09 20:48:44,mona_secure_01,99.5,AUTHORIZED,ALLOW_SESSION
2026-07-09 20:48:47,mona_secure_01,88.0,WARNING,SHADOW_AUDIT
2026-07-09 20:48:59,mona_secure_01,83.8,WARNING,SHADOW_AUDIT
2026-07-09 20:49:35,mona_secure_01,83.8,WARNING,SHADOW_AUDIT
2026-07-09 20:49:38,mona_secure_01,83.8,WARNING,SHADOW_AUDIT
2026-07-09 20:49:47,mona_secure_01,83.8,WARNING,SHADOW_AUDIT
2026-07-09 20:49:50,mona_secure_01,83.8,WARNING,SHADOW_AUDIT
2026-07-09 20:49:56,mona_secure_01,83.8,WARNING,SHADOW_AUDIT
2026-07-09 20:49:59,mona_secure_01,83.8,WARNING,SHADOW_AUDIT
2026-07-09 20:50:02,mona_secure_01,83.8,WARNING,SHADOW_AUDIT
2026-07-09 20:50:08,mona_secure_01,83.8,WARNING,SHADOW_AUDIT
2026-07-09 20:50:11,mona_secure_01,83.8,WARNING,SHADOW_AUDIT
2026-07-09 20:50:14,mona_secure_01,83.8,WARNING,SHADOW_AUDIT
2026-07-09 20:50:38,mona_secure_01,83.8,WARNING,SHADOW_AUDIT
2026-07-09 20:50:41,mona_secure_01,83.8,WARNING,SHADOW_AUDIT
2026-07-09 20:50:50,mona_secure_01,83.8,WARNING,SHADOW_AUDIT
2026-07-09 20:50:53,mona_secure_01,83.8,WARNING,SHADOW_AUDIT
2026-07-09 20:51:38,mona_secure_01,83.8,WARNING,SHADOW_AUDIT
2026-07-09 20:51:41,mona_secure_01,83.8,WARNING,SHADOW_AUDIT
2026-07-09 20:51:44,mona_secure_01,83.8,WARNING,SHADOW_AUDIT
2026-07-20 22:28:12,mona_secure_01,83.8,WARNING,SHADOW_AUDIT
2026-07-20 22:28:15,mona_secure_01,83.8,WARNING,SHADOW_AUDIT
2026-07-20 22:28:18,mona_secure_01,83.8,WARNING,SHADOW_AUDIT
2026-07-20 22:28:21,mona_secure_01,83.8,WARNING,SHADOW_AUDIT
2026-07-20 22:28:24,mona_secure_01,83.8,WARNING,SHADOW_AUDIT
2026-07-20 22:28:27,mona_secure_01,83.8,WARNING,SHADOW_AUDIT
2026-07-20 22:28:31,mona_secure_01,87.9,WARNING,SHADOW_AUDIT
2026-07-20 22:28:34,mona_secure_01,88.0,WARNING,SHADOW_AUDIT
2026-07-20 22:28:37,mona_secure_01,88.0,WARNING,SHADOW_AUDIT
2026-07-20 22:28:40,mona_secure_01,88.0,WARNING,SHADOW_AUDIT
2026-07-20 22:28:44,mona_secure_01,88.0,WARNING,SHADOW_AUDIT
2026-07-20 22:28:47,mona_secure_01,88.0,WARNING,SHADOW_AUDIT
2026-07-20 22:28:50,mona_secure_01,88.0,WARNING,SHADOW_AUDIT
2026-07-20 22:28:53,mona_secure_01,87.4,WARNING,SHADOW_AUDIT
2026-07-20 22:28:56,mona_secure_01,87.4,WARNING,SHADOW_AUDIT
2026-07-20 22:28:59,mona_secure_01,87.4,WARNING,SHADOW_AUDIT
2026-07-20 22:29:02,mona_secure_01,88.0,WARNING,SHADOW_AUDIT
2026-07-20 22:29:06,mona_secure_01,99.5,AUTHORIZED,ALLOW_SESSION
2026-07-20 22:29:09,mona_secure_01,99.5,AUTHORIZED,ALLOW_SESSION
2026-07-20 22:29:12,mona_secure_01,99.5,AUTHORIZED,ALLOW_SESSION
2026-07-20 22:29:15,mona_secure_01,99.5,AUTHORIZED,ALLOW_SESSION
2026-07-20 22:29:18,mona_secure_01,99.5,AUTHORIZED,ALLOW_SESSION
2026-07-20 22:29:21,mona_secure_01,99.5,AUTHORIZED,ALLOW_SESSION
2026-07-20 22:29:24,mona_secure_01,99.5,AUTHORIZED,ALLOW_SESSION
2026-07-20 22:29:28,mona_secure_01,99.5,AUTHORIZED,ALLOW_SESSION
2026-07-20 22:29:31,mona_secure_01,99.5,AUTHORIZED,ALLOW_SESSION
2026-07-20 22:29:34,mona_secure_01,87.9,WARNING,SHADOW_AUDIT
2026-07-20 22:29:37,mona_secure_01,87.9,WARNING,SHADOW_AUDIT
2026-07-20 22:29:40,mona_secure_01,87.9,WARNING,SHADOW_AUDIT
2026-07-20 22:29:43,mona_secure_01,87.9,WARNING,SHADOW_AUDIT
2026-07-20 22:29:46,mona_secure_01,87.9,WARNING,SHADOW_AUDIT
2026-07-20 22:29:50,mona_secure_01,87.9,WARNING,SHADOW_AUDIT
2026-07-20 22:29:53,mona_secure_01,87.9,WARNING,SHADOW_AUDIT
2026-07-20 22:29:56,mona_secure_01,87.9,WARNING,SHADOW_AUDIT
2026-07-20 22:29:59,mona_secure_01,87.9,WARNING,SHADOW_AUDIT
2026-07-20 22:30:02,mona_secure_01,87.9,WARNING,SHADOW_AUDIT
2026-07-20 22:30:05,mona_secure_01,87.9,WARNING,SHADOW_AUDIT
2026-07-20 22:30:08,mona_secure_01,87.9,WARNING,SHADOW_AUDIT
2026-07-20 22:30:12,mona_secure_01,87.9,WARNING,SHADOW_AUDIT
2026-07-20 22:30:15,mona_secure_01,87.9,WARNING,SHADOW_AUDIT
2026-07-20 22:30:18,mona_secure_01,87.9,WARNING,SHADOW_AUDIT
2026-07-20 22:30:21,mona_secure_01,87.9,WARNING,SHADOW_AUDIT
2026-07-20 22:30:24,mona_secure_01,87.9,WARNING,SHADOW_AUDIT
2026-07-20 22:30:27,mona_secure_01,87.9,WARNING,SHADOW_AUDIT
2026-07-20 22:30:30,mona_secure_01,87.9,WARNING,SHADOW_AUDIT
2026-07-20 22:30:34,mona_secure_01,99.5,AUTHORIZED,ALLOW_SESSION
2026-07-20 22:30:37,mona_secure_01,87.9,WARNING,SHADOW_AUDIT
2026-07-20 22:30:40,mona_secure_01,87.9,WARNING,SHADOW_AUDIT
2026-07-20 22:30:43,mona_secure_01,87.9,WARNING,SHADOW_AUDIT
2026-07-20 22:30:46,mona_secure_01,87.9,WARNING,SHADOW_AUDIT
2026-07-20 22:30:49,mona_secure_01,87.9,WARNING,SHADOW_AUDIT
2026-07-20 22:30:53,mona_secure_01,87.9,WARNING,SHADOW_AUDIT
2026-07-20 22:30:56,mona_secure_01,87.9,WARNING,SHADOW_AUDIT
2026-07-20 22:30:59,mona_secure_01,87.9,WARNING,SHADOW_AUDIT
2026-07-20 22:31:02,mona_secure_01,87.9,WARNING,SHADOW_AUDIT
2026-07-20 22:31:05,mona_secure_01,87.9,WARNING,SHADOW_AUDIT
2026-07-20 22:31:08,mona_secure_01,87.9,WARNING,SHADOW_AUDIT
2026-07-20 22:31:12,mona_secure_01,87.9,WARNING,SHADOW_AUDIT
2026-07-20 22:31:15,mona_secure_01,87.9,WARNING,SHADOW_AUDIT
2026-07-20 22:31:18,mona_secure_01,87.9,WARNING,SHADOW_AUDIT
2026-07-20 22:31:21,mona_secure_01,87.9,WARNING,SHADOW_AUDIT
2026-07-20 22:31:24,mona_secure_01,87.9,WARNING,SHADOW_AUDIT
2026-07-20 22:31:27,mona_secure_01,87.9,WARNING,SHADOW_AUDIT
2026-07-20 22:31:30,mona_secure_01,87.9,WARNING,SHADOW_AUDIT
2026-07-20 22:31:34,mona_secure_01,87.9,WARNING,SHADOW_AUDIT
2026-07-20 22:31:37,mona_secure_01,87.9,WARNING,SHADOW_AUDIT
2026-07-20 22:31:40,mona_secure_01,87.9,WARNING,SHADOW_AUDIT
2026-07-20 22:31:43,mona_secure_01,87.9,WARNING,SHADOW_AUDIT
2026-07-20 22:31:46,mona_secure_01,87.9,WARNING,SHADOW_AUDIT
2026-07-20 22:31:49,mona_secure_01,88.0,WARNING,SHADOW_AUDIT
2026-07-20 22:31:52,mona_secure_01,88.0,WARNING,SHADOW_AUDIT
2026-07-20 22:31:55,mona_secure_01,88.0,WARNING,SHADOW_AUDIT
2026-07-20 22:31:59,mona_secure_01,88.0,WARNING,SHADOW_AUDIT
2026-07-20 22:32:02,mona_secure_01,87.9,WARNING,SHADOW_AUDIT
2026-07-20 22:32:05,mona_secure_01,88.0,WARNING,SHADOW_AUDIT
2026-07-20 22:32:08,mona_secure_01,88.0,WARNING,SHADOW_AUDIT
2026-07-20 22:32:11,mona_secure_01,88.0,WARNING,SHADOW_AUDIT
2026-07-20 22:32:14,mona_secure_01,88.0,WARNING,SHADOW_AUDIT
2026-07-20 22:32:17,mona_secure_01,88.0,WARNING,SHADOW_AUDIT
2026-07-20 22:32:20,mona_secure_01,87.9,WARNING,SHADOW_AUDIT
2026-07-20 22:32:24,mona_secure_01,88.0,WARNING,SHADOW_AUDIT
2026-07-20 22:32:27,mona_secure_01,88.0,WARNING,SHADOW_AUDIT
2026-07-20 22:32:30,mona_secure_01,88.0,WARNING,SHADOW_AUDIT
2026-07-20 22:32:33,mona_secure_01,87.9,WARNING,SHADOW_AUDIT
2026-07-20 22:32:36,mona_secure_01,88.0,WARNING,SHADOW_AUDIT
2026-07-20 22:32:39,mona_secure_01,88.0,WARNING,SHADOW_AUDIT
2026-07-20 22:32:42,mona_secure_01,88.0,WARNING,SHADOW_AUDIT
2026-07-20 22:32:45,mona_secure_01,88.0,WARNING,SHADOW_AUDIT
2026-07-20 22:32:49,mona_secure_01,88.0,WARNING,SHADOW_AUDIT
2026-07-20 22:32:52,mona_secure_01,88.0,WARNING,SHADOW_AUDIT
2026-07-20 22:32:55,mona_secure_01,88.0,WARNING,SHADOW_AUDIT
2026-07-20 22:32:58,mona_secure_01,88.0,WARNING,SHADOW_AUDIT
2026-07-20 22:33:01,mona_secure_01,88.0,WARNING,SHADOW_AUDIT
2026-07-20 22:33:04,mona_secure_01,88.0,WARNING,SHADOW_AUDIT
2026-07-20 22:33:07,mona_secure_01,88.0,WARNING,SHADOW_AUDIT
2026-07-20 22:33:11,mona_secure_01,88.0,WARNING,SHADOW_AUDIT
2026-07-20 22:33:14,mona_secure_01,88.0,WARNING,SHADOW_AUDIT
2026-07-20 22:33:17,mona_secure_01,88.0,WARNING,SHADOW_AUDIT
2026-07-20 22:33:20,mona_secure_01,87.5,WARNING,SHADOW_AUDIT
2026-07-20 22:33:23,mona_secure_01,88.0,WARNING,SHADOW_AUDIT
2026-07-20 22:33:26,mona_secure_01,88.0,WARNING,SHADOW_AUDIT
2026-07-20 22:33:29,mona_secure_01,88.0,WARNING,SHADOW_AUDIT
2026-07-20 22:33:32,mona_secure_01,88.0,WARNING,SHADOW_AUDIT
2026-07-20 22:33:36,mona_secure_01,88.0,WARNING,SHADOW_AUDIT
2026-07-20 22:33:39,mona_secure_01,88.0,WARNING,SHADOW_AUDIT
2026-07-20 22:33:42,mona_secure_01,88.0,WARNING,SHADOW_AUDIT
2026-07-20 22:33:45,mona_secure_01,99.5,AUTHORIZED,ALLOW_SESSION
2026-07-20 22:33:48,mona_secure_01,88.0,WARNING,SHADOW_AUDIT
2026-07-20 22:33:51,mona_secure_01,99.5,AUTHORIZED,ALLOW_SESSION
2026-07-20 22:33:55,mona_secure_01,88.0,WARNING,SHADOW_AUDIT
2026-07-20 22:33:58,mona_secure_01,87.9,WARNING,SHADOW_AUDIT
2026-07-20 22:34:01,mona_secure_01,87.9,WARNING,SHADOW_AUDIT
2026-07-20 22:34:04,mona_secure_01,87.9,WARNING,SHADOW_AUDIT
2026-07-20 22:34:07,mona_secure_01,87.9,WARNING,SHADOW_AUDIT
2026-07-20 22:34:10,mona_secure_01,87.9,WARNING,SHADOW_AUDIT
2026-07-20 22:34:13,mona_secure_01,88.0,WARNING,SHADOW_AUDIT
2026-07-20 22:34:16,mona_secure_01,87.9,WARNING,SHADOW_AUDIT
2026-07-20 22:34:20,mona_secure_01,87.9,WARNING,SHADOW_AUDIT
2026-07-20 22:34:23,mona_secure_01,87.9,WARNING,SHADOW_AUDIT
2026-07-20 22:34:26,mona_secure_01,87.9,WARNING,SHADOW_AUDIT
2026-07-20 22:34:29,mona_secure_01,87.9,WARNING,SHADOW_AUDIT
2026-07-20 22:34:32,mona_secure_01,99.5,AUTHORIZED,ALLOW_SESSION
2026-07-20 22:34:35,mona_secure_01,99.5,AUTHORIZED,ALLOW_SESSION
2026-07-20 22:34:38,mona_secure_01,99.5,AUTHORIZED,ALLOW_SESSION
2026-07-20 22:34:41,mona_secure_01,99.5,AUTHORIZED,ALLOW_SESSION
2026-07-20 22:34:44,mona_secure_01,99.3,AUTHORIZED,ALLOW_SESSION
2026-07-20 22:34:48,mona_secure_01,87.8,WARNING,SHADOW_AUDIT
2026-07-20 22:34:51,mona_secure_01,87.8,WARNING,SHADOW_AUDIT
2026-07-20 22:34:54,mona_secure_01,87.8,WARNING,SHADOW_AUDIT
2026-07-20 22:34:57,mona_secure_01,87.8,WARNING,SHADOW_AUDIT
2026-07-20 22:35:00,mona_secure_01,87.8,WARNING,SHADOW_AUDIT
2026-07-20 22:35:03,mona_secure_01,87.8,WARNING,SHADOW_AUDIT
2026-07-20 22:35:06,mona_secure_01,87.8,WARNING,SHADOW_AUDIT
2026-07-20 22:35:10,mona_secure_01,88.0,WARNING,SHADOW_AUDIT
2026-07-20 22:35:13,mona_secure_01,88.0,WARNING,SHADOW_AUDIT
2026-07-20 22:35:16,mona_secure_01,88.0,WARNING,SHADOW_AUDIT
2026-07-20 22:35:19,mona_secure_01,88.0,WARNING,SHADOW_AUDIT
2026-07-20 22:35:22,mona_secure_01,88.0,WARNING,SHADOW_AUDIT
2026-07-20 22:35:25,mona_secure_01,88.0,WARNING,SHADOW_AUDIT
2026-07-20 22:35:28,mona_secure_01,88.0,WARNING,SHADOW_AUDIT
2026-07-20 22:35:31,mona_secure_01,88.0,WARNING,SHADOW_AUDIT
2026-07-20 22:35:35,mona_secure_01,88.0,WARNING,SHADOW_AUDIT
2026-07-20 22:35:38,mona_secure_01,88.0,WARNING,SHADOW_AUDIT
2026-07-20 22:35:41,mona_secure_01,88.0,WARNING,SHADOW_AUDIT
2026-07-20 22:35:44,mona_secure_01,87.9,WARNING,SHADOW_AUDIT
2026-07-20 22:35:47,mona_secure_01,87.9,WARNING,SHADOW_AUDIT
2026-07-20 22:35:50,mona_secure_01,87.9,WARNING,SHADOW_AUDIT
2026-07-20 22:35:53,mona_secure_01,87.9,WARNING,SHADOW_AUDIT
2026-07-20 22:35:56,mona_secure_01,87.9,WARNING,SHADOW_AUDIT
2026-07-20 22:36:00,mona_secure_01,87.9,WARNING,SHADOW_AUDIT
2026-07-20 22:36:03,mona_secure_01,87.9,WARNING,SHADOW_AUDIT
2026-07-20 22:36:06,mona_secure_01,87.9,WARNING,SHADOW_AUDIT
2026-07-20 22:36:09,mona_secure_01,87.9,WARNING,SHADOW_AUDIT
2026-07-20 22:36:12,mona_secure_01,87.9,WARNING,SHADOW_AUDIT
2026-07-20 22:36:15,mona_secure_01,87.9,WARNING,SHADOW_AUDIT
2026-07-20 22:36:18,mona_secure_01,87.9,WARNING,SHADOW_AUDIT
2026-07-20 22:36:22,mona_secure_01,87.9,WARNING,SHADOW_AUDIT
2026-07-20 22:36:25,mona_secure_01,87.9,WARNING,SHADOW_AUDIT
2026-07-20 22:36:28,mona_secure_01,87.9,WARNING,SHADOW_AUDIT
2026-07-20 22:36:31,mona_secure_01,87.9,WARNING,SHADOW_AUDIT
2026-07-20 22:36:34,mona_secure_01,87.9,WARNING,SHADOW_AUDIT
2026-07-20 22:36:37,mona_secure_01,87.9,WARNING,SHADOW_AUDIT
2026-07-20 22:36:41,mona_secure_01,87.9,WARNING,SHADOW_AUDIT
2026-07-20 22:36:44,mona_secure_01,87.9,WARNING,SHADOW_AUDIT
2026-07-20 22:36:47,mona_secure_01,87.9,WARNING,SHADOW_AUDIT
2026-07-20 22:36:50,mona_secure_01,87.9,WARNING,SHADOW_AUDIT
2026-07-20 22:36:53,mona_secure_01,87.9,WARNING,SHADOW_AUDIT
2026-07-20 22:36:56,mona_secure_01,87.9,WARNING,SHADOW_AUDIT
2026-07-20 22:36:59,mona_secure_01,87.9,WARNING,SHADOW_AUDIT
2026-07-20 22:37:02,mona_secure_01,87.9,WARNING,SHADOW_AUDIT
2026-07-20 22:37:06,mona_secure_01,87.9,WARNING,SHADOW_AUDIT
2026-07-20 22:37:09,mona_secure_01,87.9,WARNING,SHADOW_AUDIT
2026-07-20 22:37:12,mona_secure_01,87.9,WARNING,SHADOW_AUDIT
2026-07-20 22:37:15,mona_secure_01,87.9,WARNING,SHADOW_AUDIT
2026-07-20 22:37:18,mona_secure_01,87.9,WARNING,SHADOW_AUDIT
2026-07-20 22:37:21,mona_secure_01,99.5,AUTHORIZED,ALLOW_SESSION
2026-07-20 22:37:25,mona_secure_01,99.5,AUTHORIZED,ALLOW_SESSION
2026-07-20 22:37:28,mona_secure_01,87.9,WARNING,SHADOW_AUDIT
2026-07-20 22:37:31,mona_secure_01,88.0,WARNING,SHADOW_AUDIT
2026-07-20 22:37:34,mona_secure_01,88.0,WARNING,SHADOW_AUDIT
2026-07-20 22:37:37,mona_secure_01,88.0,WARNING,SHADOW_AUDIT
2026-07-20 22:37:40,mona_secure_01,88.0,WARNING,SHADOW_AUDIT
2026-07-20 22:37:43,mona_secure_01,88.0,WARNING,SHADOW_AUDIT
2026-07-20 22:37:47,mona_secure_01,88.0,WARNING,SHADOW_AUDIT
2026-07-20 22:37:50,mona_secure_01,88.0,WARNING,SHADOW_AUDIT
2026-07-20 22:37:53,mona_secure_01,88.0,WARNING,SHADOW_AUDIT
2026-07-20 22:37:56,mona_secure_01,88.0,WARNING,SHADOW_AUDIT
2026-07-20 22:37:59,mona_secure_01,88.0,WARNING,SHADOW_AUDIT
2026-07-20 22:38:03,mona_secure_01,88.0,WARNING,SHADOW_AUDIT
2026-07-20 22:38:06,mona_secure_01,99.5,AUTHORIZED,ALLOW_SESSION
2026-07-20 22:38:09,mona_secure_01,99.5,AUTHORIZED,ALLOW_SESSION
2026-07-20 22:38:12,mona_secure_01,99.5,AUTHORIZED,ALLOW_SESSION
2026-07-20 22:38:15,mona_secure_01,99.5,AUTHORIZED,ALLOW_SESSION
2026-07-20 22:38:18,mona_secure_01,99.5,AUTHORIZED,ALLOW_SESSION
2026-07-20 22:38:21,mona_secure_01,99.5,AUTHORIZED,ALLOW_SESSION
2026-07-20 22:38:25,mona_secure_01,99.5,AUTHORIZED,ALLOW_SESSION
2026-07-20 22:38:28,mona_secure_01,99.5,AUTHORIZED,ALLOW_SESSION
2026-07-20 22:38:31,mona_secure_01,88.0,WARNING,SHADOW_AUDIT
2026-07-20 22:38:34,mona_secure_01,88.0,WARNING,SHADOW_AUDIT
2026-07-20 22:38:37,mona_secure_01,99.5,AUTHORIZED,ALLOW_SESSION
2026-07-20 22:38:40,mona_secure_01,99.5,AUTHORIZED,ALLOW_SESSION
2026-07-20 22:38:44,mona_secure_01,99.5,AUTHORIZED,ALLOW_SESSION
2026-07-20 22:38:47,mona_secure_01,99.5,AUTHORIZED,ALLOW_SESSION
2026-07-20 22:38:50,mona_secure_01,99.5,AUTHORIZED,ALLOW_SESSION
2026-07-20 22:38:53,mona_secure_01,99.5,AUTHORIZED,ALLOW_SESSION
2026-07-20 22:38:56,mona_secure_01,99.5,AUTHORIZED,ALLOW_SESSION
2026-07-20 22:38:59,mona_secure_01,99.5,AUTHORIZED,ALLOW_SESSION
2026-07-20 22:39:03,mona_secure_01,99.5,AUTHORIZED,ALLOW_SESSION
2026-07-20 22:39:06,mona_secure_01,88.0,WARNING,SHADOW_AUDIT
2026-07-20 22:39:09,mona_secure_01,88.0,WARNING,SHADOW_AUDIT
2026-07-20 22:39:12,mona_secure_01,88.0,WARNING,SHADOW_AUDIT
2026-07-20 22:39:15,mona_secure_01,88.0,WARNING,SHADOW_AUDIT
2026-07-20 22:39:19,mona_secure_01,88.0,WARNING,SHADOW_AUDIT
2026-07-20 22:39:22,mona_secure_01,88.0,WARNING,SHADOW_AUDIT
2026-07-20 22:39:25,mona_secure_01,88.0,WARNING,SHADOW_AUDIT
2026-07-20 22:39:28,mona_secure_01,88.0,WARNING,SHADOW_AUDIT
2026-07-20 22:39:31,mona_secure_01,99.5,AUTHORIZED,ALLOW_SESSION
2026-07-20 22:39:35,mona_secure_01,99.5,AUTHORIZED,ALLOW_SESSION
2026-07-20 22:39:38,mona_secure_01,88.0,WARNING,SHADOW_AUDIT
2026-07-20 22:39:41,mona_secure_01,88.0,WARNING,SHADOW_AUDIT
2026-07-20 22:39:44,mona_secure_01,88.0,WARNING,SHADOW_AUDIT
2026-07-20 22:39:47,mona_secure_01,88.0,WARNING,SHADOW_AUDIT
2026-07-20 22:39:51,mona_secure_01,88.0,WARNING,SHADOW_AUDIT
2026-07-20 22:39:54,mona_secure_01,88.0,WARNING,SHADOW_AUDIT
2026-07-20 22:39:57,mona_secure_01,88.0,WARNING,SHADOW_AUDIT
2026-07-20 22:40:00,mona_secure_01,88.0,WARNING,SHADOW_AUDIT
2026-07-20 22:40:03,mona_secure_01,88.0,WARNING,SHADOW_AUDIT
2026-07-20 22:40:07,mona_secure_01,88.0,WARNING,SHADOW_AUDIT
2026-07-20 22:40:10,mona_secure_01,88.0,WARNING,SHADOW_AUDIT
2026-07-20 22:40:13,mona_secure_01,88.0,WARNING,SHADOW_AUDIT
2026-07-20 22:40:16,mona_secure_01,88.0,WARNING,SHADOW_AUDIT
2026-07-20 22:40:19,mona_secure_01,88.0,WARNING,SHADOW_AUDIT
2026-07-20 22:40:22,mona_secure_01,88.0,WARNING,SHADOW_AUDIT
2026-07-20 22:40:26,mona_secure_01,88.0,WARNING,SHADOW_AUDIT
2026-07-20 22:40:29,mona_secure_01,88.0,WARNING,SHADOW_AUDIT
2026-07-20 22:40:32,mona_secure_01,88.0,WARNING,SHADOW_AUDIT
2026-07-20 22:40:35,mona_secure_01,88.0,WARNING,SHADOW_AUDIT
2026-07-20 22:40:38,mona_secure_01,88.0,WARNING,SHADOW_AUDIT
2026-07-20 22:40:42,mona_secure_01,88.0,WARNING,SHADOW_AUDIT
2026-07-20 22:40:45,mona_secure_01,88.0,WARNING,SHADOW_AUDIT
2026-07-20 22:40:48,mona_secure_01,88.0,WARNING,SHADOW_AUDIT
2026-07-20 22:40:51,mona_secure_01,88.0,WARNING,SHADOW_AUDIT
2026-07-20 22:40:54,mona_secure_01,88.0,WARNING,SHADOW_AUDIT
2026-07-20 22:40:58,mona_secure_01,88.0,WARNING,SHADOW_AUDIT
2026-07-20 22:41:01,mona_secure_01,88.0,WARNING,SHADOW_AUDIT
2026-07-20 22:41:04,mona_secure_01,88.0,WARNING,SHADOW_AUDIT
2026-07-20 22:41:07,mona_secure_01,88.0,WARNING,SHADOW_AUDIT
2026-07-20 22:41:11,mona_secure_01,87.9,WARNING,SHADOW_AUDIT
2026-07-20 22:41:14,mona_secure_01,88.0,WARNING,SHADOW_AUDIT
2026-07-20 22:41:17,mona_secure_01,88.0,WARNING,SHADOW_AUDIT
2026-07-20 22:41:20,mona_secure_01,88.0,WARNING,SHADOW_AUDIT
2026-07-20 22:41:23,mona_secure_01,88.0,WARNING,SHADOW_AUDIT
2026-07-20 22:41:27,mona_secure_01,88.0,WARNING,SHADOW_AUDIT
2026-07-20 22:41:30,mona_secure_01,88.0,WARNING,SHADOW_AUDIT
2026-07-20 22:41:33,mona_secure_01,88.0,WARNING,SHADOW_AUDIT
2026-07-20 22:41:36,mona_secure_01,88.0,WARNING,SHADOW_AUDIT
2026-07-20 22:41:39,mona_secure_01,88.0,WARNING,SHADOW_AUDIT
2026-07-20 22:41:42,mona_secure_01,88.0,WARNING,SHADOW_AUDIT
2026-07-20 22:41:46,mona_secure_01,88.0,WARNING,SHADOW_AUDIT
2026-07-20 22:41:49,mona_secure_01,88.0,WARNING,SHADOW_AUDIT
2026-07-20 22:41:52,mona_secure_01,88.0,WARNING,SHADOW_AUDIT
2026-07-20 22:41:55,mona_secure_01,88.0,WARNING,SHADOW_AUDIT
2026-07-20 22:41:58,mona_secure_01,88.0,WARNING,SHADOW_AUDIT
2026-07-20 22:42:01,mona_secure_01,88.0,WARNING,SHADOW_AUDIT
2026-07-20 22:42:05,mona_secure_01,88.0,WARNING,SHADOW_AUDIT
2026-07-20 22:42:08,mona_secure_01,88.0,WARNING,SHADOW_AUDIT
2026-07-20 22:42:11,mona_secure_01,99.5,AUTHORIZED,ALLOW_SESSION
2026-07-20 22:42:14,mona_secure_01,99.5,AUTHORIZED,ALLOW_SESSION
2026-07-20 22:42:17,mona_secure_01,99.5,AUTHORIZED,ALLOW_SESSION
2026-07-20 22:42:20,mona_secure_01,99.5,AUTHORIZED,ALLOW_SESSION
2026-07-20 22:42:24,mona_secure_01,99.5,AUTHORIZED,ALLOW_SESSION
2026-07-20 22:42:27,mona_secure_01,87.9,WARNING,SHADOW_AUDIT
2026-07-20 22:42:30,mona_secure_01,99.5,AUTHORIZED,ALLOW_SESSION
2026-07-20 22:42:33,mona_secure_01,99.5,AUTHORIZED,ALLOW_SESSION
2026-07-20 22:42:36,mona_secure_01,99.5,AUTHORIZED,ALLOW_SESSION
2026-07-20 22:42:39,mona_secure_01,99.5,AUTHORIZED,ALLOW_SESSION
2026-07-20 22:42:43,mona_secure_01,99.5,AUTHORIZED,ALLOW_SESSION
2026-07-20 22:42:46,mona_secure_01,99.5,AUTHORIZED,ALLOW_SESSION
2026-07-20 22:42:49,mona_secure_01,99.5,AUTHORIZED,ALLOW_SESSION
2026-07-20 22:42:52,mona_secure_01,99.5,AUTHORIZED,ALLOW_SESSION
2026-07-20 22:42:55,mona_secure_01,99.5,AUTHORIZED,ALLOW_SESSION
2026-07-20 22:42:59,mona_secure_01,99.5,AUTHORIZED,ALLOW_SESSION
2026-07-20 22:43:02,mona_secure_01,99.5,AUTHORIZED,ALLOW_SESSION
2026-07-20 22:43:05,mona_secure_01,99.5,AUTHORIZED,ALLOW_SESSION
2026-07-20 22:43:08,mona_secure_01,99.5,AUTHORIZED,ALLOW_SESSION
2026-07-20 22:43:11,mona_secure_01,99.5,AUTHORIZED,ALLOW_SESSION
2026-07-20 22:43:14,mona_secure_01,99.5,AUTHORIZED,ALLOW_SESSION
2026-07-20 22:43:18,mona_secure_01,99.5,AUTHORIZED,ALLOW_SESSION
2026-07-20 22:43:21,mona_secure_01,99.5,AUTHORIZED,ALLOW_SESSION
2026-07-20 22:43:24,mona_secure_01,99.5,AUTHORIZED,ALLOW_SESSION
2026-07-20 22:43:27,mona_secure_01,99.5,AUTHORIZED,ALLOW_SESSION
2026-07-20 22:43:30,mona_secure_01,87.9,WARNING,SHADOW_AUDIT
2026-07-20 22:43:33,mona_secure_01,87.9,WARNING,SHADOW_AUDIT
2026-07-20 22:43:36,mona_secure_01,88.0,WARNING,SHADOW_AUDIT
2026-07-20 22:43:40,mona_secure_01,88.0,WARNING,SHADOW_AUDIT
2026-07-20 22:43:43,mona_secure_01,87.9,WARNING,SHADOW_AUDIT
2026-07-20 22:43:46,mona_secure_01,87.9,WARNING,SHADOW_AUDIT
2026-07-20 22:43:49,mona_secure_01,87.9,WARNING,SHADOW_AUDIT
2026-07-20 22:43:52,mona_secure_01,87.7,WARNING,SHADOW_AUDIT
2026-07-20 22:43:56,mona_secure_01,87.7,WARNING,SHADOW_AUDIT
2026-07-20 22:43:59,mona_secure_01,87.7,WARNING,SHADOW_AUDIT
2026-07-20 22:44:02,mona_secure_01,87.7,WARNING,SHADOW_AUDIT
2026-07-20 22:44:05,mona_secure_01,87.7,WARNING,SHADOW_AUDIT
2026-07-20 22:44:08,mona_secure_01,87.7,WARNING,SHADOW_AUDIT
2026-07-20 22:44:12,mona_secure_01,87.7,WARNING,SHADOW_AUDIT
2026-07-20 22:44:15,mona_secure_01,87.7,WARNING,SHADOW_AUDIT
2026-07-20 22:44:18,mona_secure_01,87.7,WARNING,SHADOW_AUDIT
2026-07-20 22:44:21,mona_secure_01,87.7,WARNING,SHADOW_AUDIT
2026-07-20 22:44:24,mona_secure_01,87.7,WARNING,SHADOW_AUDIT
2026-07-20 22:44:27,mona_secure_01,87.7,WARNING,SHADOW_AUDIT
2026-07-20 22:44:30,mona_secure_01,87.7,WARNING,SHADOW_AUDIT
2026-07-20 22:44:34,mona_secure_01,87.7,WARNING,SHADOW_AUDIT
2026-07-20 22:44:37,mona_secure_01,87.7,WARNING,SHADOW_AUDIT
2026-07-20 22:44:40,mona_secure_01,87.7,WARNING,SHADOW_AUDIT
2026-07-20 22:44:43,mona_secure_01,87.7,WARNING,SHADOW_AUDIT
2026-07-20 22:44:46,mona_secure_01,87.7,WARNING,SHADOW_AUDIT
2026-07-20 22:44:49,mona_secure_01,87.7,WARNING,SHADOW_AUDIT
2026-07-20 22:44:53,mona_secure_01,87.7,WARNING,SHADOW_AUDIT
2026-07-20 22:44:56,mona_secure_01,87.7,WARNING,SHADOW_AUDIT
2026-07-20 22:44:59,mona_secure_01,87.7,WARNING,SHADOW_AUDIT
2026-07-20 22:45:02,mona_secure_01,87.7,WARNING,SHADOW_AUDIT
2026-07-20 22:45:05,mona_secure_01,87.7,WARNING,SHADOW_AUDIT
2026-07-20 22:45:08,mona_secure_01,87.7,WARNING,SHADOW_AUDIT
2026-07-20 22:45:11,mona_secure_01,87.7,WARNING,SHADOW_AUDIT
2026-07-20 22:45:15,mona_secure_01,87.7,WARNING,SHADOW_AUDIT
2026-07-20 22:45:18,mona_secure_01,87.7,WARNING,SHADOW_AUDIT
2026-07-20 22:45:21,mona_secure_01,87.7,WARNING,SHADOW_AUDIT
2026-07-20 22:45:24,mona_secure_01,87.7,WARNING,SHADOW_AUDIT
2026-07-20 22:45:27,mona_secure_01,87.7,WARNING,SHADOW_AUDIT
2026-07-20 22:45:30,mona_secure_01,87.7,WARNING,SHADOW_AUDIT
2026-07-20 22:45:34,mona_secure_01,87.7,WARNING,SHADOW_AUDIT
2026-07-20 22:45:37,mona_secure_01,87.7,WARNING,SHADOW_AUDIT
2026-07-20 22:45:40,mona_secure_01,87.7,WARNING,SHADOW_AUDIT
2026-07-20 22:45:43,mona_secure_01,87.7,WARNING,SHADOW_AUDIT
2026-07-20 22:45:46,mona_secure_01,87.7,WARNING,SHADOW_AUDIT
2026-07-20 22:45:49,mona_secure_01,87.7,WARNING,SHADOW_AUDIT
2026-07-20 22:45:52,mona_secure_01,87.7,WARNING,SHADOW_AUDIT
2026-07-20 22:45:56,mona_secure_01,87.7,WARNING,SHADOW_AUDIT
2026-07-20 22:45:59,mona_secure_01,87.7,WARNING,SHADOW_AUDIT
2026-07-20 22:46:02,mona_secure_01,87.7,WARNING,SHADOW_AUDIT
2026-07-20 22:46:05,mona_secure_01,87.7,WARNING,SHADOW_AUDIT
2026-07-20 22:46:08,mona_secure_01,87.7,WARNING,SHADOW_AUDIT
2026-07-20 22:46:11,mona_secure_01,87.7,WARNING,SHADOW_AUDIT
2026-07-20 22:46:15,mona_secure_01,87.7,WARNING,SHADOW_AUDIT
2026-07-20 22:46:18,mona_secure_01,87.7,WARNING,SHADOW_AUDIT
2026-07-20 22:46:21,mona_secure_01,87.7,WARNING,SHADOW_AUDIT
2026-07-20 22:46:24,mona_secure_01,87.7,WARNING,SHADOW_AUDIT
2026-07-20 22:46:27,mona_secure_01,87.7,WARNING,SHADOW_AUDIT
2026-07-20 22:46:30,mona_secure_01,87.7,WARNING,SHADOW_AUDIT
2026-07-20 22:46:34,mona_secure_01,87.7,WARNING,SHADOW_AUDIT
2026-07-20 22:46:37,mona_secure_01,87.7,WARNING,SHADOW_AUDIT
2026-07-20 22:46:40,mona_secure_01,87.7,WARNING,SHADOW_AUDIT
2026-07-20 22:46:43,mona_secure_01,87.7,WARNING,SHADOW_AUDIT
2026-07-20 22:46:46,mona_secure_01,87.7,WARNING,SHADOW_AUDIT
2026-07-20 22:46:49,mona_secure_01,87.7,WARNING,SHADOW_AUDIT
2026-07-20 22:46:53,mona_secure_01,87.7,WARNING,SHADOW_AUDIT
2026-07-20 22:46:56,mona_secure_01,87.7,WARNING,SHADOW_AUDIT
2026-07-20 22:46:59,mona_secure_01,87.7,WARNING,SHADOW_AUDIT
2026-07-20 22:47:02,mona_secure_01,87.7,WARNING,SHADOW_AUDIT
2026-07-20 22:47:05,mona_secure_01,87.7,WARNING,SHADOW_AUDIT
2026-07-20 22:47:08,mona_secure_01,87.7,WARNING,SHADOW_AUDIT
2026-07-20 22:47:12,mona_secure_01,87.7,WARNING,SHADOW_AUDIT
2026-07-20 22:47:15,mona_secure_01,87.7,WARNING,SHADOW_AUDIT
2026-07-20 22:47:18,mona_secure_01,87.7,WARNING,SHADOW_AUDIT
2026-07-20 22:47:21,mona_secure_01,87.7,WARNING,SHADOW_AUDIT
2026-07-20 22:47:24,mona_secure_01,87.7,WARNING,SHADOW_AUDIT
2026-07-20 22:47:27,mona_secure_01,87.7,WARNING,SHADOW_AUDIT
2026-07-20 22:47:31,mona_secure_01,87.7,WARNING,SHADOW_AUDIT
2026-07-20 22:47:34,mona_secure_01,87.7,WARNING,SHADOW_AUDIT
2026-07-20 22:47:37,mona_secure_01,87.7,WARNING,SHADOW_AUDIT
2026-07-20 22:47:40,mona_secure_01,87.7,WARNING,SHADOW_AUDIT
2026-07-20 22:47:43,mona_secure_01,87.7,WARNING,SHADOW_AUDIT
2026-07-20 22:47:46,mona_secure_01,87.7,WARNING,SHADOW_AUDIT
2026-07-20 22:47:50,mona_secure_01,87.7,WARNING,SHADOW_AUDIT
2026-07-20 22:47:53,mona_secure_01,87.7,WARNING,SHADOW_AUDIT
2026-07-20 22:47:56,mona_secure_01,87.7,WARNING,SHADOW_AUDIT
2026-07-20 22:47:59,mona_secure_01,87.7,WARNING,SHADOW_AUDIT
2026-07-20 22:48:02,mona_secure_01,87.7,WARNING,SHADOW_AUDIT
2026-07-20 22:48:05,mona_secure_01,87.7,WARNING,SHADOW_AUDIT
2026-07-20 22:48:08,mona_secure_01,87.7,WARNING,SHADOW_AUDIT
2026-07-20 22:48:11,mona_secure_01,87.7,WARNING,SHADOW_AUDIT
2026-07-20 22:48:15,mona_secure_01,87.7,WARNING,SHADOW_AUDIT
2026-07-20 22:48:18,mona_secure_01,87.7,WARNING,SHADOW_AUDIT
2026-07-20 22:48:21,mona_secure_01,87.7,WARNING,SHADOW_AUDIT
2026-07-20 22:48:24,mona_secure_01,87.7,WARNING,SHADOW_AUDIT
2026-07-20 22:48:27,mona_secure_01,87.7,WARNING,SHADOW_AUDIT
2026-07-20 22:48:30,mona_secure_01,87.7,WARNING,SHADOW_AUDIT
2026-07-20 22:48:34,mona_secure_01,87.7,WARNING,SHADOW_AUDIT
2026-07-20 22:48:37,mona_secure_01,87.7,WARNING,SHADOW_AUDIT
2026-07-20 22:48:40,mona_secure_01,87.7,WARNING,SHADOW_AUDIT
2026-07-20 22:48:43,mona_secure_01,87.7,WARNING,SHADOW_AUDIT
2026-07-20 22:48:46,mona_secure_01,87.7,WARNING,SHADOW_AUDIT
2026-07-20 22:48:49,mona_secure_01,87.7,WARNING,SHADOW_AUDIT
2026-07-20 22:48:52,mona_secure_01,87.7,WARNING,SHADOW_AUDIT
2026-07-20 22:48:56,mona_secure_01,87.7,WARNING,SHADOW_AUDIT
2026-07-20 22:48:59,mona_secure_01,87.7,WARNING,SHADOW_AUDIT
2026-07-20 22:49:02,mona_secure_01,87.7,WARNING,SHADOW_AUDIT
2026-07-20 22:49:05,mona_secure_01,87.7,WARNING,SHADOW_AUDIT
2026-07-20 22:49:08,mona_secure_01,87.7,WARNING,SHADOW_AUDIT
2026-07-20 22:49:11,mona_secure_01,87.7,WARNING,SHADOW_AUDIT
2026-07-20 22:49:15,mona_secure_01,87.7,WARNING,SHADOW_AUDIT
2026-07-20 22:49:18,mona_secure_01,87.7,WARNING,SHADOW_AUDIT
2026-07-20 22:49:21,mona_secure_01,87.7,WARNING,SHADOW_AUDIT
2026-07-20 22:49:24,mona_secure_01,87.7,WARNING,SHADOW_AUDIT
2026-07-20 22:49:27,mona_secure_01,87.7,WARNING,SHADOW_AUDIT
2026-07-20 22:49:30,mona_secure_01,87.7,WARNING,SHADOW_AUDIT
2026-07-20 22:49:33,mona_secure_01,87.7,WARNING,SHADOW_AUDIT
2026-07-20 22:49:37,mona_secure_01,88.0,WARNING,SHADOW_AUDIT
2026-07-20 22:49:40,mona_secure_01,87.9,WARNING,SHADOW_AUDIT
2026-07-20 22:49:43,mona_secure_01,88.0,WARNING,SHADOW_AUDIT
2026-07-20 22:49:46,mona_secure_01,88.0,WARNING,SHADOW_AUDIT
2026-07-20 22:49:49,mona_secure_01,88.0,WARNING,SHADOW_AUDIT
2026-07-20 22:49:52,mona_secure_01,88.0,WARNING,SHADOW_AUDIT
2026-07-20 22:49:56,mona_secure_01,88.0,WARNING,SHADOW_AUDIT
2026-07-20 22:49:59,mona_secure_01,88.0,WARNING,SHADOW_AUDIT
2026-07-20 22:50:02,mona_secure_01,88.0,WARNING,SHADOW_AUDIT
2026-07-20 22:50:05,mona_secure_01,88.0,WARNING,SHADOW_AUDIT
2026-07-20 22:50:08,mona_secure_01,88.0,WARNING,SHADOW_AUDIT
2026-07-20 22:50:11,mona_secure_01,88.0,WARNING,SHADOW_AUDIT
2026-07-20 22:50:15,mona_secure_01,88.0,WARNING,SHADOW_AUDIT
2026-07-20 22:50:18,mona_secure_01,88.0,WARNING,SHADOW_AUDIT
2026-07-20 22:50:21,mona_secure_01,88.0,WARNING,SHADOW_AUDIT
2026-07-20 22:50:24,mona_secure_01,88.0,WARNING,SHADOW_AUDIT
2026-07-20 22:50:27,mona_secure_01,88.0,WARNING,SHADOW_AUDIT
2026-07-20 22:50:30,mona_secure_01,88.0,WARNING,SHADOW_AUDIT
2026-07-20 22:50:34,mona_secure_01,88.0,WARNING,SHADOW_AUDIT
2026-07-20 22:50:37,mona_secure_01,88.0,WARNING,SHADOW_AUDIT
2026-07-20 22:50:40,mona_secure_01,88.0,WARNING,SHADOW_AUDIT
2026-07-20 22:50:43,mona_secure_01,88.0,WARNING,SHADOW_AUDIT
2026-07-20 22:50:46,mona_secure_01,88.0,WARNING,SHADOW_AUDIT
2026-07-20 22:50:49,mona_secure_01,88.0,WARNING,SHADOW_AUDIT
2026-07-20 22:50:53,mona_secure_01,88.0,WARNING,SHADOW_AUDIT
2026-07-20 22:50:56,mona_secure_01,88.0,WARNING,SHADOW_AUDIT
2026-07-20 22:50:59,mona_secure_01,88.0,WARNING,SHADOW_AUDIT
2026-07-20 22:51:02,mona_secure_01,88.0,WARNING,SHADOW_AUDIT
2026-07-20 22:51:05,mona_secure_01,88.0,WARNING,SHADOW_AUDIT
2026-07-20 22:51:09,mona_secure_01,88.0,WARNING,SHADOW_AUDIT
2026-07-20 22:51:12,mona_secure_01,88.0,WARNING,SHADOW_AUDIT
2026-07-20 22:51:15,mona_secure_01,88.0,WARNING,SHADOW_AUDIT
2026-07-20 22:51:18,mona_secure_01,88.0,WARNING,SHADOW_AUDIT
2026-07-20 22:51:21,mona_secure_01,88.0,WARNING,SHADOW_AUDIT
2026-07-20 22:51:25,mona_secure_01,88.0,WARNING,SHADOW_AUDIT
2026-07-20 22:51:28,mona_secure_01,88.0,WARNING,SHADOW_AUDIT
2026-07-20 22:51:31,mona_secure_01,88.0,WARNING,SHADOW_AUDIT
2026-07-20 22:51:34,mona_secure_01,88.0,WARNING,SHADOW_AUDIT
2026-07-20 22:51:37,mona_secure_01,88.0,WARNING,SHADOW_AUDIT
2026-07-20 22:51:41,mona_secure_01,88.0,WARNING,SHADOW_AUDIT
2026-07-20 22:51:44,mona_secure_01,88.0,WARNING,SHADOW_AUDIT
2026-07-20 22:51:47,mona_secure_01,88.0,WARNING,SHADOW_AUDIT
2026-07-20 22:51:50,mona_secure_01,88.0,WARNING,SHADOW_AUDIT
2026-07-20 22:51:53,mona_secure_01,88.0,WARNING,SHADOW_AUDIT
2026-07-20 22:51:56,mona_secure_01,88.0,WARNING,SHADOW_AUDIT
2026-07-20 22:52:00,mona_secure_01,88.0,WARNING,SHADOW_AUDIT
2026-07-20 22:52:03,mona_secure_01,88.0,WARNING,SHADOW_AUDIT
2026-07-20 22:52:06,mona_secure_01,88.0,WARNING,SHADOW_AUDIT
2026-07-20 22:52:09,mona_secure_01,88.0,WARNING,SHADOW_AUDIT
2026-07-20 22:52:12,mona_secure_01,88.0,WARNING,SHADOW_AUDIT
2026-07-20 22:52:15,mona_secure_01,88.0,WARNING,SHADOW_AUDIT
2026-07-20 22:52:19,mona_secure_01,88.0,WARNING,SHADOW_AUDIT
2026-07-20 22:52:22,mona_secure_01,88.0,WARNING,SHADOW_AUDIT
2026-07-20 22:52:25,mona_secure_01,88.0,WARNING,SHADOW_AUDIT
2026-07-20 22:52:28,mona_secure_01,88.0,WARNING,SHADOW_AUDIT
2026-07-20 22:52:31,mona_secure_01,88.0,WARNING,SHADOW_AUDIT
2026-07-20 22:52:35,mona_secure_01,4.3,ISOLATE,HARD_LOCKDOWN
2026-07-20 22:52:44,mona_secure_01,87.9,WARNING,SHADOW_AUDIT
